STATION,NAME,LATITUDE,LONGITUDE,DATE,AWND,CDSD,CLDD,DP01,DP10,DSND,DSNW,DT00,DT32,DX32,DX70,DX90,EMNT,EMSD,EMSN,EMXP,EMXT,HDSD,HTDD,PRCP,SNOW,TAVG,TMAX,TMIN,WDF2,WDF5,WSF2,WSF5
USC00166666,"NEW ORLEANS ALGIERS, LA US",29.9508,-90.0511,2009-02,,,,8,6,0,0,,,,,,,0,0,1.72,,,,2.92,0,,,,,,,
USC00166666,"NEW ORLEANS ALGIERS, LA US",29.9508,-90.0511,2009-03,,,,7,6,0,0,,,,,,,0,0,4.48,,,,8.19,0,,,,,,,
USC00166666,"NEW ORLEANS ALGIERS, LA US",29.9508,-90.0511,2009-04,,,,5,4,0,0,,,,,,,0,0,0.7,,,,1.9,0,,,,,,,
USC00166666,"NEW ORLEANS ALGIERS, LA US",29.9508,-90.0511,2009-06,,,,10,7,0,0,,,,,,,0,0,1.6,,,,4.97,0,,,,,,,
USC00166666,"NEW ORLEANS ALGIERS, LA US",29.9508,-90.0511,2009-07,,,,16,11,0,0,,,,,,,0,0,1.85,,,,6.68,0,,,,,,,
USC00166666,"NEW ORLEANS ALGIERS, LA US",29.9508,-90.0511,2009-08,,,,15,13,0,0,,,,,,,0,0,2.62,,,,9.37,0,,,,,,,
USC00166666,"NEW ORLEANS ALGIERS, LA US",29.9508,-90.0511,2009-09,,,,15,14,0,0,,,,,,,0,0,1.84,,,,9.73,0,,,,,,,
USC00166666,"NEW ORLEANS ALGIERS, LA US",29.9508,-90.0511,2009-10,,,,12,10,0,0,,,,,,,0,0,2.18,,,,9.35,0,,,,,,,
USC00166666,"NEW ORLEANS ALGIERS, LA US",29.9508,-90.0511,2009-11,,,,5,4,0,0,,,,,,,0,0,1.02,,,,1.93,0,,,,,,,
USC00166666,"NEW ORLEANS ALGIERS, LA US",29.9508,-90.0511,2009-12,,,,11,10,0,0,,,,,,,0,0,5.74,,,,18.92,0,,,,,,,
USC00166666,"NEW ORLEANS ALGIERS, LA US",29.9508,-90.0511,2010-01,,,,7,7,0,0,,,,,,,0,0,1.03,,,,3,0,,,,,,,
USC00166666,"NEW ORLEANS ALGIERS, LA US",29.9508,-90.0511,2010-02,,,,10,8,0,0,,,,,,,0,0,3.37,,,,9.39,0,,,,,,,
USC00166666,"NEW ORLEANS ALGIERS, LA US",29.9508,-90.0511,2010-03,,,,7,6,0,0,,,,,,,0,0,1.56,,,,3.8,0,,,,,,,
USC00166666,"NEW ORLEANS ALGIERS, LA US",29.9508,-90.0511,2010-04,,,,4,3,0,0,,,,,,,0,0,3.45,,,,5.99,0,,,,,,,
USC00166666,"NEW ORLEANS ALGIERS, LA US",29.9508,-90.0511,2010-05,,,,8,7,0,0,,,,,,,0,0,3.49,,,,6.52,0,,,,,,,
USC00166666,"NEW ORLEANS ALGIERS, LA US",29.9508,-90.0511,2010-06,,,,14,10,0,0,,,,,,,0,0,1.32,,,,6.78,0,,,,,,,
USC00166666,"NEW ORLEANS ALGIERS, LA US",29.9508,-90.0511,2010-07,,,,9,7,0,0,,,,,,,0,0,1.55,,,,5.56,0,,,,,,,
USC00166666,"NEW ORLEANS ALGIERS, LA US",29.9508,-90.0511,2010-08,,,,13,12,0,0,,,,,,,0,0,2.38,,,,10.26,0,,,,,,,
USC00166666,"NEW ORLEANS ALGIERS, LA US",29.9508,-90.0511,2010-09,,,,8,8,0,0,,,,,,,0,0,2.34,,,,5.41,0,,,,,,,
USC00166666,"NEW ORLEANS ALGIERS, LA US",29.9508,-90.0511,2010-10,,,,5,4,0,0,,,,,,,0,0,0.22,,,,0.63,0,,,,,,,
USC00166666,"NEW ORLEANS ALGIERS, LA US",29.9508,-90.0511,2010-11,,,,8,8,0,0,,,,,,,0,0,1.8,,,,3.72,0,,,,,,,
USC00166666,"NEW ORLEANS ALGIERS, LA US",29.9508,-90.0511,2010-12,,,,5,5,0,0,,,,,,,0,0,1.11,,,,1.85,0,,,,,,,
USC00166666,"NEW ORLEANS ALGIERS, LA US",29.9508,-90.0511,2011-01,,,,7,7,,,,,,,,,,,0.86,,,,3.7,,,,,,,,
USC00166666,"NEW ORLEANS ALGIERS, LA US",29.9508,-90.0511,2011-02,,,,6,6,,,,,,,,,,,0.66,,,,3.21,,,,,,,,
USC00166666,"NEW ORLEANS ALGIERS, LA US",29.9508,-90.0511,2011-03,,,,5,5,,,,,,,,,,,4.18,,,,8.19,,,,,,,,
USC00166666,"NEW ORLEANS ALGIERS, LA US",29.9508,-90.0511,2011-05,,,,3,2,,,,,,,,,,,0.75,,,,1.15,,,,,,,,
USC00166666,"NEW ORLEANS ALGIERS, LA US",29.9508,-90.0511,2011-06,,,,11,8,,,,,,,,,,,2.31,,,,5.85,,,,,,,,
USC00166666,"NEW ORLEANS ALGIERS, LA US",29.9508,-90.0511,2011-08,,,,5,4,,,,,,,,,,,0.65,,,,2.03,,,,,,,,
USC00166666,"NEW ORLEANS ALGIERS, LA US",29.9508,-90.0511,2011-09,,,,10,8,,,,,,,,,,,5.84,,,,12.45,,,,,,,,
USC00166666,"NEW ORLEANS ALGIERS, LA US",29.9508,-90.0511,2011-10,,,,2,1,,,,,,,,,,,0.25,,,,0.27,,,,,,,,
USC00166666,"NEW ORLEANS ALGIERS, LA US",29.9508,-90.0511,2011-11,,,,5,2,,,,,,,,,,,1.27,,,,1.79,,,,,,,,
USC00166666,"NEW ORLEANS ALGIERS, LA US",29.9508,-90.0511,2011-12,,,,6,5,,,,,,,,,,,0.45,,,,1.57,,,,,,,,
USC00166666,"NEW ORLEANS ALGIERS, LA US",29.9508,-90.0511,2012-01,,,,5,4,,,,,,,,,,,1.51,,,,2.33,,,,,,,,
USC00166666,"NEW ORLEANS ALGIERS, LA US",29.9508,-90.0511,2012-02,,,,10,6,,,,,,,,,,,2.12,,,,4,,,,,,,,
USC00166666,"NEW ORLEANS ALGIERS, LA US",29.9508,-90.0511,2012-03,,,,9,7,,,,,,,,,,,5.26,,,,7.42,,,,,,,,
USC00166666,"NEW ORLEANS ALGIERS, LA US",29.9508,-90.0511,2012-04,,,,8,6,,,,,,,,,,,3.04,,,,7.52,,,,,,,,
USC00166666,"NEW ORLEANS ALGIERS, LA US",29.9508,-90.0511,2012-05,,,,6,5,,,,,,,,,,,0.9,,,,2.28,,,,,,,,
USC00166666,"NEW ORLEANS ALGIERS, LA US",29.9508,-90.0511,2012-06,,,,11,5,,,,,,,,,,,2.2,,,,6.58,,,,,,,,
USC00166666,"NEW ORLEANS ALGIERS, LA US",29.9508,-90.0511,2012-07,,,,15,13,,,,,,,,,,,7.52,,,,15.76,,,,,,,,
USC00166666,"NEW ORLEANS ALGIERS, LA US",29.9508,-90.0511,2012-09,,,,7,5,,,,,,,,,,,0.6,,,,1.33,,,,,,,,
USC00166666,"NEW ORLEANS ALGIERS, LA US",29.9508,-90.0511,2012-10,,,,2,1,,,,,,,,,,,1.43,,,,1.51,,,,,,,,
USC00166666,"NEW ORLEANS ALGIERS, LA US",29.9508,-90.0511,2012-11,,,,6,5,,,,,,,,,,,1.36,,,,3.29,,,,,,,,
USC00166666,"NEW ORLEANS ALGIERS, LA US",29.9508,-90.0511,2012-12,,,,8,6,,,,,,,,,,,0.7,,,,2.93,,,,,,,,
USC00166666,"NEW ORLEANS ALGIERS, LA US",29.9508,-90.0511,2013-01,,,,10,9,,,,,,,,,,,1.5,,,,6.59,,,,,,,,
USC00166666,"NEW ORLEANS ALGIERS, LA US",29.9508,-90.0511,2013-02,,,,12,10,,,,,,,,,,,2.12,,,,9.08,,,,,,,,
USC00166666,"NEW ORLEANS ALGIERS, LA US",29.9508,-90.0511,2013-03,,,,4,3,,,,,,,,,,,0.34,,,,0.6,,,,,,,,
USC00166666,"NEW ORLEANS ALGIERS, LA US",29.9508,-90.0511,2013-04,,,,8,8,,,,,,,,,,,3.54,,,,15.07,,,,,,,,
USC00166666,"NEW ORLEANS ALGIERS, LA US",29.9508,-90.0511,2013-05,,,,4,4,,,,,,,,,,,2,,,,4.92,,,,,,,,
USC00166666,"NEW ORLEANS ALGIERS, LA US",29.9508,-90.0511,2013-06,,,,12,10,,,,,,,,,,,2.21,,,,7.4,,,,,,,,
USW00012916,"NEW ORLEANS AIRPORT, LA US",29.99691,-90.27751,2009-01,8.5,28,28,7,4,,,0,4,0,11,0,29,,,4.98,80,764,328,6.4,,55.3,65.1,45.6,190,190,33.1,41
USW00012916,"NEW ORLEANS AIRPORT, LA US",29.99691,-90.27751,2009-02,10.1,55,27,9,4,,,0,0,0,14,0,34,,,2.84,80,967,202,4.39,,58.7,68.1,49.4,330,330,29.1,41
USW00012916,"NEW ORLEANS AIRPORT, LA US",29.99691,-90.27751,2009-03,9.2,146,92,8,6,,,0,0,0,25,0,36,,,3.29,82,1048,81,5.07,,65.3,73.9,56.8,250,260,38.9,48
USW00012916,"NEW ORLEANS AIRPORT, LA US",29.99691,-90.27751,2009-04,10.7,299,153,7,4,,,0,0,0,26,0,44,,,0.42,86,1086,38,1.33,,68.8,77.4,60.3,170,290,40,53
USW00012916,"NEW ORLEANS AIRPORT, LA US",29.99691,-90.27751,2009-05,9.2,708,409,8,3,,,0,0,0,31,5,60,,,1.36,91,1086,0,2.63,,78.2,85.8,70.6,30,10,28,35
USW00012916,"NEW ORLEANS AIRPORT, LA US",29.99691,-90.27751,2009-06,6.7,1256,547,6,4,,,0,0,0,30,22,66,,,1.17,101,1086,0,2.13,,83.2,92.2,74.4,340,10,36,45
USW00012916,"NEW ORLEANS AIRPORT, LA US",29.99691,-90.27751,2009-07,6.5,1848,592,13,11,,,0,0,0,31,27,71,,,1.63,98,0,0,5.72,,84.1,92.2,75.9,280,280,40.9,49
USW00012916,"NEW ORLEANS AIRPORT, LA US",29.99691,-90.27751,2009-08,4.9,2397,549,14,8,,,0,0,0,31,21,69,,,3.35,95,0,0,9.5,,82.7,90.4,75,360,360,32,39
USW00012916,"NEW ORLEANS AIRPORT, LA US",29.99691,-90.27751,2009-09,6,2876,479,15,14,,,0,0,0,30,8,65,,,2.36,92,0,0,9.22,,81,87.5,74.4,130,120,30,43
USW00012916,"NEW ORLEANS AIRPORT, LA US",29.99691,-90.27751,2009-10,8.7,3128,252,18,12,,,0,0,0,25,6,47,,,1.3,91,41,41,5.98,,71.8,79.5,64.1,330,180,29.1,39
USW00012916,"NEW ORLEANS AIRPORT, LA US",29.99691,-90.27751,2009-11,7.2,3148,19,4,3,,,0,0,0,17,0,40,,,0.37,80,183,142,1.02,,60.9,69.9,52,20,50,29.1,41
USW00012916,"NEW ORLEANS AIRPORT, LA US",29.99691,-90.27751,2009-12,9.8,3154,6,14,13,,,0,0,0,5,0,35,,,5.71,76,549,365,25.93,,53.4,60.8,46,220,220,31.1,41
USW00012916,"NEW ORLEANS AIRPORT, LA US",29.99691,-90.27751,2010-01,8.9,5,5,6,4,,,0,9,0,6,0,21,,,1.2,79,1068,519,2.24,,48.4,57.3,39.5,90,80,33.1,47
USW00012916,"NEW ORLEANS AIRPORT, LA US",29.99691,-90.27751,2010-02,9.2,5,0,14,8,,,0,2,0,1,0,30,,,2.36,73,1536,468,6.6,,48.3,56.7,39.9,330,330,25.9,33
USW00012916,"NEW ORLEANS AIRPORT, LA US",29.99691,-90.27751,2010-03,8.9,14,9,10,5,,,0,0,0,13,0,37,,,1.7,80,1764,229,2.91,,57.9,67.7,48.1,30,30,40.9,52
USW00012916,"NEW ORLEANS AIRPORT, LA US",29.99691,-90.27751,2010-04,8.7,169,155,4,3,,,0,0,0,30,0,54,,,1.65,87,1764,0,2.61,,70.2,79.3,61,150,180,32,41
USW00012916,"NEW ORLEANS AIRPORT, LA US",29.99691,-90.27751,2010-05,7.8,632,463,8,6,,,0,0,0,31,13,63,,,2.74,94,1764,0,5.17,,79.9,88,71.9,360,350,31.1,40
USW00012916,"NEW ORLEANS AIRPORT, LA US",29.99691,-90.27751,2010-06,4.9,1202,570,15,10,,,0,0,0,30,23,73,,,2.58,96,1764,0,10,,84,91.3,76.7,80,90,30,41
USW00012916,"NEW ORLEANS AIRPORT, LA US",29.99691,-90.27751,2010-07,6.3,1812,610,12,10,,,0,0,0,31,22,74,,,2.88,97,0,0,6.67,,84.7,91.8,77.6,230,230,40.9,62
USW00012916,"NEW ORLEANS AIRPORT, LA US",29.99691,-90.27751,2010-08,6.3,2431,619,18,15,,,0,0,0,31,23,74,,,1.97,100,0,0,11.73,,85,91.9,78,30,130,30,41
USW00012916,"NEW ORLEANS AIRPORT, LA US",29.99691,-90.27751,2010-09,5.8,2942,511,4,1,,,0,0,0,30,22,62,,,0.22,94,0,0,0.33,,82,90.2,73.9,150,210,21,31
USW00012916,"NEW ORLEANS AIRPORT, LA US",29.99691,-90.27751,2010-10,7.6,3168,226,7,3,,,0,0,0,31,1,50,,,0.23,90,2,2,0.73,,72.2,82.5,61.9,20,10,30,37
USW00012916,"NEW ORLEANS AIRPORT, LA US",29.99691,-90.27751,2010-11,7.8,3237,69,7,5,,,0,0,0,18,0,39,,,0.88,83,122,119,2.75,,63.3,72.7,53.9,330,320,31.1,44
USW00012916,"NEW ORLEANS AIRPORT, LA US",29.99691,-90.27751,2010-12,9.6,3246,8,6,4,,,0,2,0,8,0,27,,,1.1,79,544,422,2.17,,51.7,61.3,42,280,280,36.9,45
USW00012916,"NEW ORLEANS AIRPORT, LA US",29.99691,-90.27751,2011-01,8.1,0,0,8,7,,,0,5,0,6,0,28,,,0.95,73,974,430,4.09,,51.1,60.4,41.8,100,90,36.9,54
USW00012916,"NEW ORLEANS AIRPORT, LA US",29.99691,-90.27751,2011-02,8.9,66,66,6,4,,,0,6,0,15,0,29,,,0.5,84,1274,299,1.65,,56.7,66.4,46.9,210,200,30,39
USW00012916,"NEW ORLEANS AIRPORT, LA US",29.99691,-90.27751,2011-03,8.7,172,106,6,5,,,0,0,0,26,0,45,,,3.83,85,1327,53,10.48,,66.7,75.8,57.6,300,290,47,77
USW00012916,"NEW ORLEANS AIRPORT, LA US",29.99691,-90.27751,2011-04,11.2,451,279,1,1,,,0,0,0,29,0,49,,,0.35,89,1337,9,0.35,,74,82.9,65.1,260,250,44.1,61
USW00012916,"NEW ORLEANS AIRPORT, LA US",29.99691,-90.27751,2011-05,9.4,838,386,3,2,,,0,0,0,31,11,56,,,0.6,93,1337,0,0.78,,77.5,86.3,68.6,30,330,29.1,35
USW00012916,"NEW ORLEANS AIRPORT, LA US",29.99691,-90.27751,2011-06,6.7,1439,601,14,6,,,0,0,0,30,29,71,,,2.65,100,1337,0,4.7,,85,94.1,75.9,40,40,28,35
USW00012916,"NEW ORLEANS AIRPORT, LA US",29.99691,-90.27751,2011-07,5.1,2032,593,18,12,,,0,0,0,31,25,74,,,3.52,100,0,0,13,,84.1,91.7,76.6,330,210,23.9,40
USW00012916,"NEW ORLEANS AIRPORT, LA US",29.99691,-90.27751,2011-08,5.6,2724,691,8,3,,,0,0,0,31,31,73,,,0.68,99,0,0,1.61,,87.3,96,78.7,70,310,31.1,39
USW00012916,"NEW ORLEANS AIRPORT, LA US",29.99691,-90.27751,2011-09,7.6,3126,403,8,7,,,0,0,0,30,9,62,,,6.25,93,0,0,13.27,,78.4,86.6,70.2,160,120,36.9,49
USW00012916,"NEW ORLEANS AIRPORT, LA US",29.99691,-90.27751,2011-10,6.7,3293,166,2,1,,,0,0,0,28,0,44,,,0.2,87,29,29,0.22,,69.4,79.9,58.9,20,310,28,38
USW00012916,"NEW ORLEANS AIRPORT, LA US",29.99691,-90.27751,2011-11,9.2,3391,98,8,4,,,0,0,0,20,0,37,,,1.81,86,155,126,3.18,,64.1,73.3,54.9,10,360,30,39
USW00012916,"NEW ORLEANS AIRPORT, LA US",29.99691,-90.27751,2011-12,8.1,3426,35,8,5,,,0,0,0,13,0,34,,,0.41,80,414,259,1.3,,57.8,66.3,49.3,290,280,32,41
USW00012916,"NEW ORLEANS AIRPORT, LA US",29.99691,-90.27751,2012-01,8.7,60,60,7,3,,,0,1,0,18,0,32,,,1.32,81,603,189,1.81,,60.8,70.3,51.3,210,210,28,38
USW00012916,"NEW ORLEANS AIRPORT, LA US",29.99691,-90.27751,2012-02,9.4,106,46,10,8,,,0,0,0,14,0,33,,,2.28,83,763,161,4.73,,61.1,68.2,53.9,340,220,28,38
USW00012916,"NEW ORLEANS AIRPORT, LA US",29.99691,-90.27751,2012-03,8.3,308,202,8,6,,,0,0,0,28,0,41,,,3.36,85,788,24,8.1,,70.7,79.6,61.8,160,160,32,47
USW00012916,"NEW ORLEANS AIRPORT, LA US",29.99691,-90.27751,2012-04,8.5,545,237,8,6,,,0,0,0,30,0,53,,,3.4,88,789,1,7.44,,72.9,82,63.8,160,160,34.9,51
USW00012916,"NEW ORLEANS AIRPORT, LA US",29.99691,-90.27751,2012-05,6.5,989,444,8,5,,,0,0,0,31,11,65,,,0.79,94,789,0,1.77,,79.3,87.9,70.7,270,270,33.1,41
USW00012916,"NEW ORLEANS AIRPORT, LA US",29.99691,-90.27751,2012-06,7.4,1516,527,8,5,,,0,0,0,30,16,65,,,1.37,98,789,0,3.19,,82.6,90.2,74.9,30,10,30,40
USW00012916,"NEW ORLEANS AIRPORT, LA US",29.99691,-90.27751,2012-07,5.1,2079,562,17,13,,,0,0,0,31,20,71,,,3.57,96,0,0,11.59,,83.1,90.8,75.5,210,170,33.1,46
USW00012916,"NEW ORLEANS AIRPORT, LA US",29.99691,-90.27751,2012-08,7.6,2614,535,20,16,,,0,0,0,31,17,71,,,7.86,95,0,0,18.62,,82.3,89.1,75.4,30,80,53,75
USW00012916,"NEW ORLEANS AIRPORT, LA US",29.99691,-90.27751,2012-09,6.5,3080,465,9,6,,,0,0,0,30,11,67,,,1.38,94,0,0,3.03,,80.5,87.7,73.3,260,260,32,40
USW00012916,"NEW ORLEANS AIRPORT, LA US",29.99691,-90.27751,2012-10,7.4,3270,190,1,1,,,0,0,0,27,0,47,,,0.4,87,29,29,0.4,,70.2,79.8,60.6,10,20,25.1,32
USW00012916,"NEW ORLEANS AIRPORT, LA US",29.99691,-90.27751,2012-11,6.9,3303,33,5,5,,,0,0,0,15,0,40,,,0.86,84,200,170,2.48,,60.5,70.5,50.4,340,350,31.1,38
USW00012916,"NEW ORLEANS AIRPORT, LA US",29.99691,-90.27751,2012-12,8.5,3337,34,11,6,,,0,0,0,17,0,35,,,2.3,80,423,223,5.13,,58.9,68.3,49.5,240,300,32,45
USW00012916,"NEW ORLEANS AIRPORT, LA US",29.99691,-90.27751,2013-01,9.2,23,23,14,10,,,0,0,0,13,0,37,,,1.7,78,706,284,6.59,,56.6,64.5,48.7,310,330,29.1,38
USW00012916,"NEW ORLEANS AIRPORT, LA US",29.99691,-90.27751,2013-02,8.9,30,6,14,8,,,0,0,0,6,0,37,,,1.9,76,916,210,7.22,,57.7,65.6,49.9,160,20,30,45
USW00012916,"NEW ORLEANS AIRPORT, LA US",29.99691,-90.27751,2013-03,9.4,62,33,6,2,,,0,0,0,16,0,35,,,0.64,83,1132,215,1.08,,59.1,69.1,49.1,340,340,30,44
USW00012916,"NEW ORLEANS AIRPORT, LA US",29.99691,-90.27751,2013-04,9.6,192,130,10,8,,,0,0,0,26,0,48,,,3.12,84,1166,34,11.62,,68.2,76.4,60,340,360,44.1,59
USW00012916,"NEW ORLEANS AIRPORT, LA US",29.99691,-90.27751,2013-05,8.1,475,283,7,5,,,0,0,0,30,0,46,,,2.88,89,1183,18,8.23,,73.5,81.4,65.7,280,290,35.1,43
USW00012916,"NEW ORLEANS AIRPORT, LA US",29.99691,-90.27751,2013-06,6,1009,535,12,8,,,0,0,0,30,19,70,,,1.8,95,1183,0,4.39,,82.8,90.4,75.3,200,20,31.1,41
USW00012916,"NEW ORLEANS AIRPORT, LA US",29.99691,-90.27751,2013-07,6.3,1547,538,11,8,,,0,0,0,31,18,73,,,1.03,93,0,0,3.97,,82.3,89.1,75.6,300,80,25.9,36
USW00012916,"NEW ORLEANS AIRPORT, LA US",29.99691,-90.27751,2013-08,5.6,2096,549,13,10,,0,0,0,0,31,17,69,,0,1.74,97,0,0,7.22,0,82.7,90,75.4,350,260,25.1,32
USW00012916,"NEW ORLEANS AIRPORT, LA US",29.99691,-90.27751,2013-09,5.6,2598,502,12,9,,0,0,0,0,30,19,67,,0,2.53,94,0,0,8.68,0,81.7,89.5,73.9,150,160,30,37
USW00012916,"NEW ORLEANS AIRPORT, LA US",29.99691,-90.27751,2013-10,6.7,2852,254,8,5,,,0,0,0,30,1,51,,,1.24,90,6,6,2.29,,73,80.6,65.4,190,180,25.1,33
USW00012916,"NEW ORLEANS AIRPORT, LA US",29.99691,-90.27751,2013-11,9.6,2898,46,8,4,,,0,1,0,17,0,32,,,1.09,82,207,202,1.89,,59.8,68,51.7,20,10,31.1,39
USW00012916,"NEW ORLEANS AIRPORT, LA US",29.99691,-90.27751,2013-12,8.9,2940,41,11,7,,,0,0,0,10,0,35,,,1.23,82,552,345,3.2,,55.2,62.9,47.5,170,170,30,38
USW00012916,"NEW ORLEANS AIRPORT, LA US",29.99691,-90.27751,2014-01,9.2,0,0,9,6,,,0,9,0,2,0,24,,,0.91,74,1108,556,2.72,,47.1,57.1,37,10,340,29.1,39
USW00012916,"NEW ORLEANS AIRPORT, LA US",29.99691,-90.27751,2014-02,9.6,23,23,12,10,,,0,0,0,15,0,34,,,1.49,80,1379,271,6.3,,56.1,65.4,46.9,300,310,32,42
USW00012916,"NEW ORLEANS AIRPORT, LA US",29.99691,-90.27751,2014-03,8.9,42,19,9,7,,,0,0,0,17,0,35,,,2.59,79,1573,194,5.26,,59.4,68.1,50.6,330,330,32,41
USW00012916,"NEW ORLEANS AIRPORT, LA US",29.99691,-90.27751,2014-04,10.5,196,154,9,6,,,0,0,0,26,0,46,,,1.25,86,1616,42,2.31,,68.7,77.2,60.2,340,320,32,45
USW00012916,"NEW ORLEANS AIRPORT, LA US",29.99691,-90.27751,2014-05,8.7,508,312,9,5,,,0,0,0,31,0,54,,,3.54,89,1616,0,8.35,,75.1,83.9,66.2,30,30,33.1,45
USW00012916,"NEW ORLEANS AIRPORT, LA US",29.99691,-90.27751,2014-06,6.9,1005,496,11,8,,,0,0,0,30,18,69,,,1.65,93,1616,0,8.03,,81.6,89,74.1,220,290,35.1,49
USW00012916,"NEW ORLEANS AIRPORT, LA US",29.99691,-90.27751,2014-07,6.3,1545,540,11,7,,,0,0,0,31,18,70,,,1.26,95,0,0,4.5,,82.4,89.9,74.9,300,300,35.1,52
USW00012916,"NEW ORLEANS AIRPORT, LA US",29.99691,-90.27751,2014-08,6.3,2144,599,12,9,,,0,0,0,31,26,72,,,1.51,96,0,0,5.5,,84.3,92.1,76.5,190,190,31.1,39
USW00012916,"NEW ORLEANS AIRPORT, LA US",29.99691,-90.27751,2014-09,6.5,2641,497,12,4,,,0,0,0,30,15,67,,,1.66,95,0,0,3.85,,81.6,88.9,74.3,250,320,25.1,33
USW00012916,"NEW ORLEANS AIRPORT, LA US",29.99691,-90.27751,2014-10,7.4,2878,237,4,4,,,0,0,0,31,1,52,,,0.86,91,2,2,1.83,,72.6,82.1,63.1,240,220,36.9,48
USW00012916,"NEW ORLEANS AIRPORT, LA US",29.99691,-90.27751,2014-11,9.8,2907,28,4,3,,,0,1,0,14,0,31,,,1.04,81,241,238,2.14,,58,67.7,48.3,250,240,31.1,40
USW00012916,"NEW ORLEANS AIRPORT, LA US",29.99691,-90.27751,2014-12,7.8,2936,30,8,5,,,0,0,0,11,0,38,,,1.69,81,459,219,3.96,,58.9,67.1,50.7,200,190,36.9,47
USW00012916,"NEW ORLEANS AIRPORT, LA US",29.99691,-90.27751,2015-01,9.2,7,7,9,6,,,0,1,0,5,0,25,,,2.17,77,871,412,5.67,,51.9,60.8,43.1,10,10,30,39
USW00012916,"NEW ORLEANS AIRPORT, LA US",29.99691,-90.27751,2015-02,10.5,16,8,9,4,,,0,1,0,7,0,30,,,0.96,79,1234,363,2.04,,52.4,61.3,43.4,180,190,30,36
USW00012916,"NEW ORLEANS AIRPORT, LA US",29.99691,-90.27751,2015-03,8.1,132,116,14,9,,,0,1,0,25,0,31,,,2.27,86,1307,73,6.37,,66.4,74.9,57.9,10,20,30,38
USW00012916,"NEW ORLEANS AIRPORT, LA US",29.99691,-90.27751,2015-04,8.3,391,259,15,12,,,0,0,0,30,0,56,,,3.35,86,1307,0,11.98,,73.6,80.8,66.5,300,290,53.9,70
USW00012916,"NEW ORLEANS AIRPORT, LA US",29.99691,-90.27751,2015-05,7.6,802,411,12,10,,,0,0,0,31,2,62,,,2.98,91,1307,0,9.14,,78.3,86,70.5,300,300,44.1,55
USW00012916,"NEW ORLEANS AIRPORT, LA US",29.99691,-90.27751,2015-06,6.7,1325,522,10,6,,,0,0,0,30,21,69,,,1.15,93,1307,0,3.75,,82.4,89.8,75,260,240,32,47
USW00012916,"NEW ORLEANS AIRPORT, LA US",29.99691,-90.27751,2015-07,7.2,1962,637,11,7,,,0,0,0,31,31,72,,,1.17,99,0,0,4.17,,85.6,94,77.1,20,30,42.9,53
USW00012916,"NEW ORLEANS AIRPORT, LA US",29.99691,-90.27751,2015-08,7.2,2579,617,8,6,,,0,0,0,31,25,69,,,0.89,98,0,0,3.28,,84.9,92.7,77.1,80,90,25.9,36
USW00012916,"NEW ORLEANS AIRPORT, LA US",29.99691,-90.27751,2015-09,6.9,3044,465,8,4,,,0,0,0,30,10,61,,,1.18,96,0,0,2.72,,80.5,87.7,73.3,180,190,29.1,37
USW00012916,"NEW ORLEANS AIRPORT, LA US",29.99691,-90.27751,2015-10,8.9,3303,259,3,3,,,0,0,0,29,2,57,,,8.67,92,2,2,9.54,,73.3,81.2,65.3,150,160,35.1,46
USW00012916,"NEW ORLEANS AIRPORT, LA US",29.99691,-90.27751,2015-11,9.2,3422,119,8,6,,,0,0,0,22,0,42,,,2.28,86,61,59,6.25,,67,74,60,20,150,36.9,45
USW00012916,"NEW ORLEANS AIRPORT, LA US",29.99691,-90.27751,2015-12,9.8,3530,107,12,9,,,0,0,0,21,0,41,,,1.86,83,180,119,6.46,,64.6,72.1,57.1,160,170,32,45
USW00012916,"NEW ORLEANS AIRPORT, LA US",29.99691,-90.27751,2016-01,9.8,4,4,13,8,,,0,0,0,10,0,33,,,1.15,77,527,347,4.41,,53.9,62.4,45.5,320,320,31.1,43
USW00012916,"NEW ORLEANS AIRPORT, LA US",29.99691,-90.27751,2016-02,9.4,33,29,6,4,,,0,0,0,17,0,36,,,1.61,79,733,205,3.72,,58.9,68.7,49.1,310,200,35.1,46
USW00012916,"NEW ORLEANS AIRPORT, LA US",29.99691,-90.27751,2016-03,10.7,170,137,10,7,,,0,0,0,27,0,44,,,1.98,85,774,41,6.37,,68.1,75.8,60.3,180,180,44.1,57
USW00012916,"NEW ORLEANS AIRPORT, LA US",29.99691,-90.27751,2016-04,9.4,368,198,9,8,,,0,0,0,30,0,51,,,4,87,777,3,9.89,,71.5,79.1,63.9,10,360,33.1,40
USW00012916,"NEW ORLEANS AIRPORT, LA US",29.99691,-90.27751,2016-05,7.8,756,387,8,4,,,0,0,0,31,5,59,,,1.98,92,777,0,4.95,,77.5,85.1,69.9,250,260,40,49
USW00012916,"NEW ORLEANS AIRPORT, LA US",29.99691,-90.27751,2016-06,6.3,1332,576,14,12,,,0,0,0,30,25,72,,,2.53,100,777,0,9.78,,84.2,92,76.4,340,350,29.1,35
USW00012916,"NEW ORLEANS AIRPORT, LA US",29.99691,-90.27751,2016-07,5.6,2004,672,16,10,,,0,0,0,31,28,75,,,0.95,99,0,0,4.45,,86.7,94,79.4,310,270,28,44
USW00012916,"NEW ORLEANS AIRPORT, LA US",29.99691,-90.27751,2016-08,6.5,2654,650,18,16,,,0,0,0,31,27,73,,,2.33,98,0,0,11.87,,86,92.6,79.4,200,80,30,40
USW00012916,"NEW ORLEANS AIRPORT, LA US",29.99691,-90.27751,2016-09,5.8,3259,605,10,7,,,0,0,0,30,25,70,,,1.87,98,0,0,4.63,,85.2,92.2,78.1,130,140,25.9,36
USW00012916,"NEW ORLEANS AIRPORT, LA US",29.99691,-90.27751,2016-10,6.5,3654,395,1,0,,,0,0,0,31,8,54,,,0.05,94,0,0,0.05,,77.8,86.9,68.6,30,10,25.1,31
USW00012916,"NEW ORLEANS AIRPORT, LA US",29.99691,-90.27751,2016-11,6.9,3768,114,6,2,,,0,0,0,23,0,38,,,1.99,88,75,75,2.77,,66.3,75.4,57.1,180,190,30,42
USW00012916,"NEW ORLEANS AIRPORT, LA US",29.99691,-90.27751,2016-12,8.3,3821,53,9,6,,,0,0,0,13,0,36,,,2.57,82,299,224,7.87,,59.5,67.1,51.9,100,110,28,38
USW00012916,"NEW ORLEANS AIRPORT, LA US",29.99691,-90.27751,2017-01,8.9,50,50,9,9,,,0,2,0,19,0,27,,,2.13,80,500,200,4.9,,60.2,69,51.3,320,310,33.1,45
USW00012916,"NEW ORLEANS AIRPORT, LA US",29.99691,-90.27751,2017-02,8.3,114,64,6,4,,,0,0,0,20,0,44,,,1.02,81,580,81,2.74,,64.4,73,55.8,220,230,29.1,38
USW00012916,"NEW ORLEANS AIRPORT, LA US",29.99691,-90.27751,2017-03,8.9,248,135,4,4,,,0,0,0,23,0,44,,,1.12,83,643,62,2.87,,67.3,75.5,59.2,300,310,31.1,44
USW00012916,"NEW ORLEANS AIRPORT, LA US",29.99691,-90.27751,2017-04,9.4,449,201,9,5,,,0,0,0,29,0,50,,,2.89,86,655,12,5.46,,71.3,80.5,62.1,150,160,32,41
USW00012916,"NEW ORLEANS AIRPORT, LA US",29.99691,-90.27751,2017-05,7.8,730,281,10,9,,,0,0,0,30,1,53,,,3.66,90,661,6,9.93,,73.9,82.2,65.5,300,330,35.1,43
USW00012916,"NEW ORLEANS AIRPORT, LA US",29.99691,-90.27751,2017-06,8.1,1183,453,19,14,,,0,0,0,30,6,65,,,3.47,92,661,0,15.48,,80.1,86.6,73.6,260,260,38,51
USW00012916,"NEW ORLEANS AIRPORT, LA US",29.99691,-90.27751,2017-07,4.9,1748,565,13,9,,,0,0,0,31,21,71,,,3.5,96,0,0,6.5,,83.2,91,75.4,280,190,32,41
USW00012916,"NEW ORLEANS AIRPORT, LA US",29.99691,-90.27751,2017-08,6.5,2308,561,20,17,,,0,0,0,31,18,73,,,3.13,96,0,0,15.78,,83.1,90.1,76.1,190,200,30,40
USW00012916,"NEW ORLEANS AIRPORT, LA US",29.99691,-90.27751,2017-09,6,2761,453,4,1,,,0,0,0,30,14,63,,,0.19,92,0,0,0.42,,80.1,88.2,72,110,100,21,29
USW00012916,"NEW ORLEANS AIRPORT, LA US",29.99691,-90.27751,2017-10,8.5,3047,286,9,7,,,0,0,0,28,3,39,,,0.96,90,43,43,3.13,,72.8,80.9,64.8,320,320,30,44
USW00012916,"NEW ORLEANS AIRPORT, LA US",29.99691,-90.27751,2017-11,6.7,3142,95,2,0,,,0,0,0,22,0,37,,,0.05,84,141,97,0.06,,64.9,74.1,55.7,350,10,25.1,35
USW00012916,"NEW ORLEANS AIRPORT, LA US",29.99691,-90.27751,2017-12,7.4,3171,28,12,8,,,0,2,0,12,0,29,,,2.72,85,462,321,5.15,,55.6,63.9,47.2,340,10,23,31
USW00012958,"NEW ORLEANS ALVIN CALLENDER FIELD, LA US",29.81667,-90.01667,2009-01,6,22,22,7,3,,,0,7,0,11,0,26,,,1.79,80,918,360,2.41,,54.1,65.4,42.8,200,190,35.1,46
USW00012958,"NEW ORLEANS ALVIN CALLENDER FIELD, LA US",29.81667,-90.01667,2009-02,7.8,47,25,8,5,,,0,3,0,15,0,28,,,0.6,80,1160,242,1.79,,57.2,68.2,46.3,200,160,30,67
USW00012958,"NEW ORLEANS ALVIN CALLENDER FIELD, LA US",29.81667,-90.01667,2009-03,7.2,108,61,,,,,0,1,0,22,0,32,,,,82,1263,102,,,63.6,73.5,53.8,120,140,29.1,37
USW00012958,"NEW ORLEANS ALVIN CALLENDER FIELD, LA US",29.81667,-90.01667,2009-05,7.4,,309,,,,,0,0,0,28,0,57,,,,89,,0,,,76,84.3,67.8,250,150,51,91
USW00012958,"NEW ORLEANS ALVIN CALLENDER FIELD, LA US",29.81667,-90.01667,2009-06,4.5,,426,2,2,,,0,0,0,26,20,62,,,0.51,100,,0,0.97,,81.4,91.4,71.4,220,90,48.1,74
USW00012958,"NEW ORLEANS ALVIN CALLENDER FIELD, LA US",29.81667,-90.01667,2009-07,4,,470,17,10,,,0,0,0,28,14,68,,,1,96,0,0,5.21,,81.8,90.3,73.3,170,210,23.9,69
USW00012958,"NEW ORLEANS ALVIN CALLENDER FIELD, LA US",29.81667,-90.01667,2009-08,3.1,,407,17,11,,,0,0,0,26,10,65,,,2.47,93,0,0,8.38,,80.7,88.8,72.4,30,200,25.9,66
USW00012958,"NEW ORLEANS ALVIN CALLENDER FIELD, LA US",29.81667,-90.01667,2009-09,4.5,,437,0,0,,,0,0,0,30,6,60,,,0,93,0,0,0,,79.6,87,72.1,170,210,31.1,87
USW00012958,"NEW ORLEANS ALVIN CALLENDER FIELD, LA US",29.81667,-90.01667,2009-10,6.7,,243,12,9,,,0,0,0,25,4,43,,,0.99,91,56,56,4.73,,71,79.6,62.5,170,270,25.9,39
USW00012958,"NEW ORLEANS ALVIN CALLENDER FIELD, LA US",29.81667,-90.01667,2009-11,5.1,,11,10,3,,,0,0,0,17,0,34,,,0.13,79,238,182,0.54,,59.1,69.7,48.6,50,40,30,44
USW00012958,"NEW ORLEANS ALVIN CALLENDER FIELD, LA US",29.81667,-90.01667,2009-12,7.6,,0,18,14,,,0,2,0,3,0,30,,,4.15,71,626,388,16.46,,50.6,58.9,42.4,170,170,25.1,39
USW00012958,"NEW ORLEANS ALVIN CALLENDER FIELD, LA US",29.81667,-90.01667,2010-01,6.9,0,0,10,5,,,0,10,0,3,0,19,,,0.49,78,1170,544,1.2,,46.9,56.7,37.1,100,100,31.1,44
USW00012958,"NEW ORLEANS ALVIN CALLENDER FIELD, LA US",29.81667,-90.01667,2010-02,6.5,0,0,11,6,,,0,7,0,1,0,29,,,2.31,73,1667,498,4.85,,47.2,56.3,38.1,90,60,25.1,55
USW00012958,"NEW ORLEANS ALVIN CALLENDER FIELD, LA US",29.81667,-90.01667,2010-03,6,7,7,10,4,,,0,1,0,11,0,32,,,0.72,79,1955,288,2.01,,55.9,66.7,45.2,360,210,28,86
USW00012958,"NEW ORLEANS ALVIN CALLENDER FIELD, LA US",29.81667,-90.01667,2010-04,7.4,93,86,10,2,,,0,0,0,30,0,46,,,0.47,84,1971,16,0.78,,67.3,77.6,57,200,90,28,41
USW00012958,"NEW ORLEANS ALVIN CALLENDER FIELD, LA US",29.81667,-90.01667,2010-05,6.3,501,408,14,10,,,0,0,0,31,7,60,,,2.95,94,1971,0,7.85,,78.2,86.8,69.5,200,100,36,52
USW00012958,"NEW ORLEANS ALVIN CALLENDER FIELD, LA US",29.81667,-90.01667,2010-06,4.3,1008,507,13,7,,,0,0,0,29,19,70,,,1.96,96,1971,0,5.81,,82.5,90.8,74.2,200,210,31.1,45
USW00012958,"NEW ORLEANS ALVIN CALLENDER FIELD, LA US",29.81667,-90.01667,2010-07,4.9,1532,524,12,9,,,0,0,0,29,20,70,,,0.64,98,0,0,3.81,,83,90.6,75.5,170,30,35.1,66
USW00012958,"NEW ORLEANS ALVIN CALLENDER FIELD, LA US",29.81667,-90.01667,2010-08,4.3,2086,554,15,11,,,0,0,0,29,21,71,,,1.02,100,0,0,5.46,,84.1,91.4,76.8,60,80,35.1,45
USW00012958,"NEW ORLEANS ALVIN CALLENDER FIELD, LA US",29.81667,-90.01667,2010-09,4.7,2542,456,14,4,,,0,0,0,30,20,56,,,0.24,93,0,0,0.9,,80.2,89.2,71.2,60,150,23,68
USW00012958,"NEW ORLEANS ALVIN CALLENDER FIELD, LA US",29.81667,-90.01667,2010-10,4.7,2700,159,8,0,,,0,0,0,31,0,46,,,0.07,88,15,15,0.3,,69.6,82.3,57,210,210,25.9,32
USW00012958,"NEW ORLEANS ALVIN CALLENDER FIELD, LA US",29.81667,-90.01667,2010-11,5.6,2753,52,10,3,,,0,0,0,21,0,33,,,0.99,82,172,157,2.37,,61.5,73,50,90,150,44.1,168
USW00012958,"NEW ORLEANS ALVIN CALLENDER FIELD, LA US",29.81667,-90.01667,2010-12,6.5,2760,7,,,,,0,10,0,9,0,23,,,,78,608,436,,,50.2,61.7,38.7,170,350,23.9,37
USW00012958,"NEW ORLEANS ALVIN CALLENDER FIELD, LA US",29.81667,-90.01667,2011-01,6,0,0,5,2,,,0,8,0,3,0,23,,,0.48,74,1102,494,0.72,,48.5,59.6,37.5,90,150,31.1,58
USW00012958,"NEW ORLEANS ALVIN CALLENDER FIELD, LA US",29.81667,-90.01667,2011-02,6.9,42,42,6,3,,,0,9,0,14,0,25,,,0.47,82,1412,310,1.17,,54.7,65.5,43.9,210,210,32,39
USW00012958,"NEW ORLEANS ALVIN CALLENDER FIELD, LA US",29.81667,-90.01667,2011-03,7.2,117,74,8,5,,,0,0,0,26,0,38,,,1.81,83,1511,99,5.22,,64.2,74.6,53.8,200,210,72,109
USW00012958,"NEW ORLEANS ALVIN CALLENDER FIELD, LA US",29.81667,-90.01667,2011-04,9.6,333,217,3,2,,,0,0,0,28,0,43,,,0.12,86,1535,24,0.24,,71.6,81.5,61.8,210,210,31.1,40
US1LAJF0006,"MARRERO 1.9 E, LA US",29.8807,-90.0837,2010-02,,,,9,7,,,,,,,,,,,3.26,,,,7.11,,,,,,,,
US1LAJF0006,"MARRERO 1.9 E, LA US",29.8807,-90.0837,2010-03,,,,7,6,,,,,,,,,,,1.04,,,,2.88,,,,,,,,
US1LAJF0006,"MARRERO 1.9 E, LA US",29.8807,-90.0837,2010-04,,,,5,3,,0,,,,,,,,0,1.63,,,,2.25,0,,,,,,,
US1LAJF0006,"MARRERO 1.9 E, LA US",29.8807,-90.0837,2010-05,,,,8,8,,,,,,,,,,,2.44,,,,10.09,,,,,,,,
US1LAJF0006,"MARRERO 1.9 E, LA US",29.8807,-90.0837,2010-06,,,,14,12,,,,,,,,,,,1.83,,,,7.26,,,,,,,,
US1LAJF0006,"MARRERO 1.9 E, LA US",29.8807,-90.0837,2010-07,,,,15,11,,,,,,,,,,,2.23,,,,8.1,,,,,,,,
US1LAJF0006,"MARRERO 1.9 E, LA US",29.8807,-90.0837,2010-08,,,,18,14,,,,,,,,,,,1.71,,,,8.39,,,,,,,,
US1LAJF0006,"MARRERO 1.9 E, LA US",29.8807,-90.0837,2010-09,,,,7,4,,,,,,,,,,,2.55,,,,3.75,,,,,,,,
US1LAJF0006,"MARRERO 1.9 E, LA US",29.8807,-90.0837,2011-01,,,,8,6,,,,,,,,,,,0.88,,,,3.48,,,,,,,,
US1LAJF0006,"MARRERO 1.9 E, LA US",29.8807,-90.0837,2011-02,,,,6,4,,,,,,,,,,,0.67,,,,1.85,,,,,,,,
US1LAJF0006,"MARRERO 1.9 E, LA US",29.8807,-90.0837,2011-03,,,,7,4,,,,,,,,,,,4.02,,,,8,,,,,,,,
US1LAJF0006,"MARRERO 1.9 E, LA US",29.8807,-90.0837,2011-04,,,,5,1,,,,,,,,,,,0.44,,,,0.59,,,,,,,,
US1LAJF0006,"MARRERO 1.9 E, LA US",29.8807,-90.0837,2011-06,,,,8,6,,,,,,,,,,,1.08,,,,3.1,,,,,,,,
US1LAJF0006,"MARRERO 1.9 E, LA US",29.8807,-90.0837,2011-07,,,,19,16,,,,,,,,,,,5.45,,,,14.45,,,,,,,,
US1LAJF0006,"MARRERO 1.9 E, LA US",29.8807,-90.0837,2011-12,,,,7,2,,,,,,,,,,,0.35,,,,0.76,,,,,,,,
US1LAJF0006,"MARRERO 1.9 E, LA US",29.8807,-90.0837,2012-02,,,,11,7,,,,,,,,,,,1.62,,,,4.59,,,,,,,,
US1LAJF0006,"MARRERO 1.9 E, LA US",29.8807,-90.0837,2012-03,,,,9,5,,,,,,,,,,,4.95,,,,7.15,,,,,,,,
US1LAJF0006,"MARRERO 1.9 E, LA US",29.8807,-90.0837,2012-04,,,,9,6,,,,,,,,,,,3.33,,,,9.53,,,,,,,,
US1LAJF0006,"MARRERO 1.9 E, LA US",29.8807,-90.0837,2012-07,,,,20,16,,,,,,,,,,,4.42,,,,14.4,,,,,,,,
US1LAJF0006,"MARRERO 1.9 E, LA US",29.8807,-90.0837,2012-09,,,,7,6,,,,,,,,,,,1.72,,,,5.22,,,,,,,,
US1LAJF0006,"MARRERO 1.9 E, LA US",29.8807,-90.0837,2012-12,,,,6,5,,,,,,,,,,,0.49,,,,1.41,,,,,,,,
US1LAJF0006,"MARRERO 1.9 E, LA US",29.8807,-90.0837,2013-01,,,,11,9,,,,,,,,,,,1.29,,,,5.74,,,,,,,,
US1LAJF0006,"MARRERO 1.9 E, LA US",29.8807,-90.0837,2013-02,,,,11,9,,,,,,,,,,,3.45,,,,8.88,,,,,,,,
US1LAJF0006,"MARRERO 1.9 E, LA US",29.8807,-90.0837,2013-03,,,,5,1,,,,,,,,,,,0.29,,,,0.37,,,,,,,,
US1LAJF0006,"MARRERO 1.9 E, LA US",29.8807,-90.0837,2013-04,,,,12,10,,,,,,,,,,,3,,,,15.84,,,,,,,,
US1LAJF0006,"MARRERO 1.9 E, LA US",29.8807,-90.0837,2013-08,,,,14,7,,,,,,,,,,,1.38,,,,4.46,,,,,,,,
US1LAJF0006,"MARRERO 1.9 E, LA US",29.8807,-90.0837,2013-09,,,,10,6,,,,,,,,,,,3.13,,,,6.14,,,,,,,,
US1LAJF0006,"MARRERO 1.9 E, LA US",29.8807,-90.0837,2014-02,,,,10,8,,,,,,,,,,,1.8,,,,7.71,,,,,,,,
US1LAJF0006,"MARRERO 1.9 E, LA US",29.8807,-90.0837,2014-03,,,,11,7,,,,,,,,,,,4.99,,,,7.22,,,,,,,,
US1LAJF0006,"MARRERO 1.9 E, LA US",29.8807,-90.0837,2014-04,,,,9,3,,,,,,,,,,,2.45,,,,3.15,,,,,,,,
US1LAJF0006,"MARRERO 1.9 E, LA US",29.8807,-90.0837,2014-05,,,,8,6,,,,,,,,,,,4.79,,,,8.29,,,,,,,,
US1LAJF0006,"MARRERO 1.9 E, LA US",29.8807,-90.0837,2014-07,,,,10,5,,,,,,,,,,,1.47,,,,3.11,,,,,,,,
US1LAJF0006,"MARRERO 1.9 E, LA US",29.8807,-90.0837,2014-08,,,,11,6,,,,,,,,,,,3.16,,,,4.84,,,,,,,,
US1LAJF0006,"MARRERO 1.9 E, LA US",29.8807,-90.0837,2014-10,,,,3,3,,,,,,,,,,,0.34,,,,0.86,,,,,,,,
US1LAJF0006,"MARRERO 1.9 E, LA US",29.8807,-90.0837,2014-12,,,,6,3,,,,,,,,,,,1.08,,,,1.76,,,,,,,,
US1LAJF0006,"MARRERO 1.9 E, LA US",29.8807,-90.0837,2015-02,,,,10,5,,,,,,,,,,,0.64,,,,1.9,,,,,,,,
US1LAJF0006,"MARRERO 1.9 E, LA US",29.8807,-90.0837,2015-03,,,,11,8,,,,,,,,,,,2.15,,,,4.95,,,,,,,,
US1LAJF0006,"MARRERO 1.9 E, LA US",29.8807,-90.0837,2015-04,,,,15,11,,,,,,,,,,,3.78,,,,12.66,,,,,,,,
US1LAJF0006,"MARRERO 1.9 E, LA US",29.8807,-90.0837,2015-05,,,,10,7,,,,,,,,,,,1.7,,,,4.11,,,,,,,,
US1LAJF0006,"MARRERO 1.9 E, LA US",29.8807,-90.0837,2015-06,,,,10,5,,,,,,,,,,,1.06,,,,3.12,,,,,,,,
US1LAJF0006,"MARRERO 1.9 E, LA US",29.8807,-90.0837,2015-07,,,,16,9,,,,,,,,,,,1.83,,,,8.76,,,,,,,,
US1LAJF0006,"MARRERO 1.9 E, LA US",29.8807,-90.0837,2015-08,,,,10,6,,,,,,,,,,,0.93,,,,2.84,,,,,,,,
US1LAJF0006,"MARRERO 1.9 E, LA US",29.8807,-90.0837,2015-09,,,,9,5,,,,,,,,,,,1.81,,,,4.54,,,,,,,,
US1LAJF0006,"MARRERO 1.9 E, LA US",29.8807,-90.0837,2015-10,,,,4,3,,,,,,,,,,,3.86,,,,4.87,,,,,,,,
USW00053917,"NEW ORLEANS LAKEFRONT AIRPORT, LA US",30.0494,-90.0288,2009-01,10.7,17,17,8,6,0,0,0,1,0,10,0,32,0,0,3.24,79,,316,4.96,0,55.3,63.2,47.5,210,200,35.1,44
USW00053917,"NEW ORLEANS LAKEFRONT AIRPORT, LA US",30.0494,-90.0288,2009-02,12.1,36,19,9,6,0,0,0,0,0,11,0,35,0,0,3.35,80,,196,4.91,0,58.7,66.8,50.5,330,330,38.9,47
USW00053917,"NEW ORLEANS LAKEFRONT AIRPORT, LA US",30.0494,-90.0288,2009-03,11.4,130,94,9,7,0,0,0,0,0,24,0,37,0,0,3.53,81,,76,6.46,0,65.6,72.9,58.2,320,310,42.9,51
USW00053917,"NEW ORLEANS LAKEFRONT AIRPORT, LA US",30.0494,-90.0288,2009-04,13.9,285,154,6,3,0,0,0,0,0,26,0,47,0,0,0.83,85,,27,1.87,0,69.2,76.3,62.1,210,210,47,59
USW00053917,"NEW ORLEANS LAKEFRONT AIRPORT, LA US",30.0494,-90.0288,2009-05,11,678,393,6,4,0,0,0,0,0,30,0,60,0,0,0.52,89,,0,1.47,0,78.1,84.6,71.6,20,20,33.1,38
USW00053917,"NEW ORLEANS LAKEFRONT AIRPORT, LA US",30.0494,-90.0288,2009-06,9.2,1238,560,4,3,0,0,0,0,0,29,20,70,0,0,0.78,96,,0,1.31,0,84.3,90.6,78,350,320,40.9,51
USW00053917,"NEW ORLEANS LAKEFRONT AIRPORT, LA US",30.0494,-90.0288,2009-07,8.5,1847,609,10,6,0,0,0,0,0,31,20,74,0,0,1.2,97,0,0,2.99,0,84.6,90.9,78.4,30,20,49,60
USW00053917,"NEW ORLEANS LAKEFRONT AIRPORT, LA US",30.0494,-90.0288,2009-08,6.9,2451,604,12,8,0,0,0,0,0,31,21,74,0,0,1.19,99,0,0,5,0,84.5,90.7,78.3,260,260,45,56
USW00053917,"NEW ORLEANS LAKEFRONT AIRPORT, LA US",30.0494,-90.0288,2009-09,8.3,2987,535,14,12,0,0,0,0,0,30,12,69,0,0,1.96,92,0,0,9.41,0,82.8,88.4,77.3,200,200,36.9,51
USW00053917,"NEW ORLEANS LAKEFRONT AIRPORT, LA US",30.0494,-90.0288,2009-10,11.9,3282,296,15,11,0,0,0,0,0,24,6,53,0,0,1.18,93,16,16,5.91,0,74,80.6,67.4,350,350,40,46
USW00053917,"NEW ORLEANS LAKEFRONT AIRPORT, LA US",30.0494,-90.0288,2009-11,11,3328,45,5,4,0,0,0,0,0,15,0,45,0,0,0.55,81,100,84,0.97,0,63.7,69.8,57.6,50,40,36.9,45
USW00053917,"NEW ORLEANS LAKEFRONT AIRPORT, LA US",30.0494,-90.0288,2009-12,13.4,3330,2,14,13,0,0,0,0,0,5,0,36,0,0,5.54,75,468,368,20.61,0,52.8,58.6,47,270,360,36,45
USW00053917,"NEW ORLEANS LAKEFRONT AIRPORT, LA US",30.0494,-90.0288,2010-01,,2,2,9,6,0,0,0,6,0,2,0,23,0,0,0.97,75,961,493,2.26,0,48.6,56.1,41.2,,,,
USW00053917,"NEW ORLEANS LAKEFRONT AIRPORT, LA US",30.0494,-90.0288,2010-02,12.3,2,0,14,8,0,0,0,0,0,0,0,34,0,0,2.71,69,1416,455,7.07,0,48.8,55,42.5,340,330,33.1,38
USW00053917,"NEW ORLEANS LAKEFRONT AIRPORT, LA US",30.0494,-90.0288,2010-03,11.6,11,8,10,5,0,0,0,0,0,10,0,42,0,0,1.57,76,1613,197,3.36,0,58.9,65.9,51.9,40,40,48.1,60
USW00053917,"NEW ORLEANS LAKEFRONT AIRPORT, LA US",30.0494,-90.0288,2010-04,11.4,206,195,5,3,0,0,0,0,0,30,0,55,0,0,1.86,85,1613,0,2.32,0,71.5,78.5,64.5,190,170,35.1,43
USW00053917,"NEW ORLEANS LAKEFRONT AIRPORT, LA US",30.0494,-90.0288,2010-05,9.6,680,474,8,6,0,0,0,0,0,31,7,66,0,0,1.63,93,1613,0,5.14,0,80.3,86.8,73.7,180,190,36,45
USW00053917,"NEW ORLEANS LAKEFRONT AIRPORT, LA US",30.0494,-90.0288,2010-06,7.4,1230,550,15,12,,0,0,0,0,28,21,73,,0,2.3,95,1613,0,11.11,0,85.2,91.2,79.2,90,200,40.9,51
USW00053917,"NEW ORLEANS LAKEFRONT AIRPORT, LA US",30.0494,-90.0288,2010-07,9.2,1870,641,13,8,0,0,0,0,0,31,23,76,0,0,0.98,95,0,0,4.07,0,85.7,91.3,80,20,360,31.1,37
USW00053917,"NEW ORLEANS LAKEFRONT AIRPORT, LA US",30.0494,-90.0288,2010-08,8.9,2491,621,20,14,0,0,0,0,0,31,21,73,0,0,1.84,100,0,0,11.78,0,85,91.7,78.3,60,60,38,45
USW00053917,"NEW ORLEANS LAKEFRONT AIRPORT, LA US",30.0494,-90.0288,2010-09,8.7,3039,548,4,3,0,0,0,0,0,30,20,69,0,0,1.11,94,0,0,2.97,0,83.3,89,77.5,120,120,28,35
USW00053917,"NEW ORLEANS LAKEFRONT AIRPORT, LA US",30.0494,-90.0288,2010-10,10.5,3302,262,6,2,0,0,0,0,0,31,0,57,0,0,0.14,88,0,0,0.45,0,73.5,80,66.9,20,280,35.1,51
USW00053917,"NEW ORLEANS LAKEFRONT AIRPORT, LA US",30.0494,-90.0288,2010-11,10.7,3381,79,6,5,0,0,0,0,0,18,0,41,0,0,0.8,83,101,101,2.74,0,64.3,71.7,56.8,340,330,38,47
USW00053917,"NEW ORLEANS LAKEFRONT AIRPORT, LA US",30.0494,-90.0288,2010-12,12.1,3384,3,6,4,0,0,0,1,0,6,0,32,0,0,0.79,75,527,426,1.76,0,51.3,59,43.8,340,330,38.9,47
USW00053917,"NEW ORLEANS LAKEFRONT AIRPORT, LA US",30.0494,-90.0288,2011-01,,0,0,10,7,,,0,2,0,2,0,28,,,0.69,73,969,442,3.42,,50.8,57.6,43.9,,,,
USW00053917,"NEW ORLEANS LAKEFRONT AIRPORT, LA US",30.0494,-90.0288,2011-02,,46,46,5,5,,,0,3,0,12,0,31,,,0.56,84,1269,300,1.78,,55.9,64.2,47.7,,,,
USW00053917,"NEW ORLEANS LAKEFRONT AIRPORT, LA US",30.0494,-90.0288,2011-03,,164,119,7,5,,,0,0,0,25,0,47,,,3.12,86,1321,52,7.53,,67.2,74.8,59.5,,,,
USW00053917,"NEW ORLEANS LAKEFRONT AIRPORT, LA US",30.0494,-90.0288,2011-04,,501,337,4,1,,,0,0,0,29,7,52,,,0.26,90,1327,6,0.3,,76,84.1,68,,,,
USW00053917,"NEW ORLEANS LAKEFRONT AIRPORT, LA US",30.0494,-90.0288,2011-05,,893,392,3,2,,,0,0,0,31,12,58,,,1.26,93,1327,0,1.39,,77.6,85.7,69.6,,,,
USW00053917,"NEW ORLEANS LAKEFRONT AIRPORT, LA US",30.0494,-90.0288,2011-06,,1510,616,11,6,,,0,0,0,30,28,74,,,1.09,100,1327,0,2.48,,85.5,93.1,78,,,,
USW00053917,"NEW ORLEANS LAKEFRONT AIRPORT, LA US",30.0494,-90.0288,2011-07,,2134,624,13,11,,,0,0,0,31,18,76,,,3.52,98,0,0,10.85,,85.1,90.9,79.4,,,,
USW00053917,"NEW ORLEANS LAKEFRONT AIRPORT, LA US",30.0494,-90.0288,2011-08,,2850,717,4,2,,,0,0,0,31,31,74,,,1.04,98,0,0,2.18,,88.1,94.2,82,,,,
USW00053917,"NEW ORLEANS LAKEFRONT AIRPORT, LA US",30.0494,-90.0288,2011-09,,3273,423,8,8,,,0,0,0,30,4,67,,,5.3,91,0,0,11.02,,79.1,85.4,72.9,,,,
USW00053917,"NEW ORLEANS LAKEFRONT AIRPORT, LA US",30.0494,-90.0288,2011-10,,3472,199,0,0,,,0,0,0,26,0,48,,,0,86,27,27,0,,70.6,77.8,63.3,,,,
USW00053917,"NEW ORLEANS LAKEFRONT AIRPORT, LA US",30.0494,-90.0288,2011-11,,3553,81,8,4,,,0,0,0,20,0,42,,,0.82,84,135,108,2.34,,64.1,71.3,56.9,,,,
USW00053917,"NEW ORLEANS LAKEFRONT AIRPORT, LA US",30.0494,-90.0288,2011-12,,3566,13,12,3,,,0,0,0,11,0,38,,,0.58,78,374,240,1.4,,57.4,63.9,50.8,,,,
USW00053917,"NEW ORLEANS LAKEFRONT AIRPORT, LA US",30.0494,-90.0288,2012-01,,43,43,8,3,,,0,0,0,15,0,36,,,1.31,79,574,200,1.93,,59.9,67.7,52.1,,,,
USW00053917,"NEW ORLEANS LAKEFRONT AIRPORT, LA US",30.0494,-90.0288,2012-02,,76,33,12,7,,,0,0,0,10,0,33,,,1.98,81,742,167,4.48,,60.4,66.3,54.4,,,,
USW00053917,"NEW ORLEANS LAKEFRONT AIRPORT, LA US",30.0494,-90.0288,2012-03,,269,193,8,7,,,0,0,0,29,0,53,,,2.43,83,759,17,6.59,,70.7,77.4,63.9,,,,
USW00053917,"NEW ORLEANS LAKEFRONT AIRPORT, LA US",30.0494,-90.0288,2012-04,,488,219,9,6,,,0,0,0,30,0,53,,,3.05,87,761,2,11.09,,72.2,79.8,64.7,,,,
USW00053917,"NEW ORLEANS LAKEFRONT AIRPORT, LA US",30.0494,-90.0288,2012-05,8.7,952,464,7,5,,,0,0,0,31,5,67,,,2.01,93,761,0,3.7,,80,86.2,73.7,290,290,38,46
USW00053917,"NEW ORLEANS LAKEFRONT AIRPORT, LA US",30.0494,-90.0288,2012-06,,1509,556,9,7,,,0,0,0,30,16,69,,,2.59,98,761,0,4.43,,83.6,89.8,77.3,,,,
USW00053917,"NEW ORLEANS LAKEFRONT AIRPORT, LA US",30.0494,-90.0288,2012-07,,2133,624,17,12,,,0,0,0,31,22,72,,,5.5,96,0,0,14.94,,85.1,91.4,78.9,,,,
USW00053917,"NEW ORLEANS LAKEFRONT AIRPORT, LA US",30.0494,-90.0288,2012-08,,2717,585,12,11,,,0,0,0,28,23,75,,,4.95,96,0,0,21.35,,85.9,92,79.8,,,,
USW00053917,"NEW ORLEANS LAKEFRONT AIRPORT, LA US",30.0494,-90.0288,2012-09,,3255,537,5,5,,,0,0,0,29,13,71,,,1.55,94,0,0,4.54,,83.5,89,78.1,,,,
USW00053917,"NEW ORLEANS LAKEFRONT AIRPORT, LA US",30.0494,-90.0288,2012-10,,3485,231,2,1,,,0,0,0,27,0,50,,,0.21,88,31,31,0.22,,71.4,78.5,64.4,,,,
USW00053917,"NEW ORLEANS LAKEFRONT AIRPORT, LA US",30.0494,-90.0288,2012-11,9.6,3514,29,5,5,,,0,0,0,11,0,46,,,0.55,79,175,143,1.83,,61.2,68.1,54.2,20,10,36.9,47
USW00053917,"NEW ORLEANS LAKEFRONT AIRPORT, LA US",30.0494,-90.0288,2012-12,11.2,3556,42,10,6,,,0,0,0,17,0,39,,,2.23,79,331,157,4.82,,61.3,69,53.6,290,290,40,46
USW00053917,"NEW ORLEANS LAKEFRONT AIRPORT, LA US",30.0494,-90.0288,2013-01,11.6,50,50,15,11,,,0,0,0,12,0,43,,,1.34,83,544,212,6.96,,59.8,66.5,53,320,200,36.9,45
USW00053917,"NEW ORLEANS LAKEFRONT AIRPORT, LA US",30.0494,-90.0288,2013-02,12.1,73,23,12,10,,,0,0,0,8,0,44,,,1.98,80,659,115,9.19,,61.7,67.5,55.8,270,270,36.9,43
USW00053917,"NEW ORLEANS LAKEFRONT AIRPORT, LA US",30.0494,-90.0288,2013-03,11.9,137,64,3,2,,,0,0,0,19,0,40,,,0.5,84,792,133,0.86,,62.8,71,54.5,300,290,45,63
USW00053917,"NEW ORLEANS LAKEFRONT AIRPORT, LA US",30.0494,-90.0288,2013-04,12.1,300,164,10,6,,,0,0,0,27,0,52,,,4.15,85,804,12,12.02,,70.1,77.3,62.9,330,320,42.9,49
USW00053917,"NEW ORLEANS LAKEFRONT AIRPORT, LA US",30.0494,-90.0288,2013-05,10.1,624,324,8,5,,,0,0,0,30,1,51,,,2,90,813,9,4.56,,75.1,81.8,68.5,300,290,40.9,53
USW00053917,"NEW ORLEANS LAKEFRONT AIRPORT, LA US",30.0494,-90.0288,2013-06,8.3,1202,578,9,7,,,0,0,0,30,19,71,,,1.14,95,813,0,4.77,,84.3,90.6,77.9,30,210,38,47
USW00053917,"NEW ORLEANS LAKEFRONT AIRPORT, LA US",30.0494,-90.0288,2013-07,8.3,1780,578,15,9,,,0,0,0,31,18,74,,,0.83,94,0,0,4,,83.6,89.3,78,60,60,36,43
USW00053917,"NEW ORLEANS LAKEFRONT AIRPORT, LA US",30.0494,-90.0288,2013-08,8.1,2381,601,14,10,,,0,0,0,31,18,74,,,0.39,96,0,0,2.47,,84.4,90,78.8,240,240,32,38
USW00053917,"NEW ORLEANS LAKEFRONT AIRPORT, LA US",30.0494,-90.0288,2013-09,8.5,2946,565,9,7,,,0,0,0,30,18,73,,,2.99,94,0,0,6.65,,83.8,89.6,78.1,290,280,38.9,54
USW00053917,"NEW ORLEANS LAKEFRONT AIRPORT, LA US",30.0494,-90.0288,2013-10,9.4,3246,299,10,5,,,0,0,0,31,0,57,,,0.83,89,0,0,1.83,,74.6,80.6,68.7,360,360,35.1,39
USW00053917,"NEW ORLEANS LAKEFRONT AIRPORT, LA US",30.0494,-90.0288,2013-11,13.2,3294,49,11,3,,,0,0,0,14,0,36,,,0.78,82,174,173,1.65,,60.9,67.7,54,20,360,36.9,45
USW00053917,"NEW ORLEANS LAKEFRONT AIRPORT, LA US",30.0494,-90.0288,2013-12,11.4,3340,46,11,7,,,0,0,0,9,0,37,,,2.3,82,483,309,4.81,,56.5,63.1,49.9,170,170,36,44
USW00053917,"NEW ORLEANS LAKEFRONT AIRPORT, LA US",30.0494,-90.0288,2014-01,11.9,0,0,9,5,,,0,7,0,1,0,26,,,0.84,71,1013,529,2.76,,47.9,55.9,40,330,350,38,44
USW00053917,"NEW ORLEANS LAKEFRONT AIRPORT, LA US",30.0494,-90.0288,2014-02,11.2,15,15,12,7,,,0,0,0,8,0,35,,,1.23,80,1284,272,5.44,,55.8,64,47.6,340,340,46.1,55
USW00053917,"NEW ORLEANS LAKEFRONT AIRPORT, LA US",30.0494,-90.0288,2014-03,11,29,15,10,7,,,0,0,0,13,0,34,,,4.38,78,1477,192,7.63,,59.3,66.6,51.9,330,330,42.9,54
USW00053917,"NEW ORLEANS LAKEFRONT AIRPORT, LA US",30.0494,-90.0288,2014-04,13,187,158,10,4,,,0,0,0,24,0,48,,,1.57,85,1514,37,2.36,,69,76,62.1,290,290,46.1,55
USW00053917,"NEW ORLEANS LAKEFRONT AIRPORT, LA US",30.0494,-90.0288,2014-05,10.1,507,320,8,8,,,0,0,0,31,0,55,,,2.7,88,1515,1,6.88,,75.3,82.5,68.1,340,350,33.1,41
USW00053917,"NEW ORLEANS LAKEFRONT AIRPORT, LA US",30.0494,-90.0288,2014-06,8.7,1017,509,13,10,,,0,0,0,30,14,69,,,1.82,92,1515,0,7.97,,82,88.2,75.7,290,290,48.1,59
USW00053917,"NEW ORLEANS LAKEFRONT AIRPORT, LA US",30.0494,-90.0288,2014-07,8.5,1573,556,11,6,,,0,0,0,31,12,73,,,1.5,93,0,0,5.89,,82.9,88.8,77.1,330,330,40.9,48
USW00053917,"NEW ORLEANS LAKEFRONT AIRPORT, LA US",30.0494,-90.0288,2014-08,8.1,2182,609,11,7,,,0,0,0,31,23,74,,,3.64,94,0,0,6.35,,84.6,90.6,78.7,200,210,42.9,61
USW00053917,"NEW ORLEANS LAKEFRONT AIRPORT, LA US",30.0494,-90.0288,2014-09,8.7,2681,499,11,8,,,0,0,0,30,11,70,,,1.69,93,0,0,4.92,,81.6,87.3,76,340,340,33.1,40
USW00053917,"NEW ORLEANS LAKEFRONT AIRPORT, LA US",30.0494,-90.0288,2014-10,9.8,2969,287,7,4,,,0,0,0,31,1,59,,,0.75,90,0,0,1.65,,74.3,80.9,67.6,240,240,38.9,48
USW00053917,"NEW ORLEANS LAKEFRONT AIRPORT, LA US",30.0494,-90.0288,2014-11,12.5,3001,33,3,3,,,0,0,0,11,0,35,,,0.63,81,220,220,1.47,,58.8,67.2,50.4,300,290,36.9,44
USW00053917,"NEW ORLEANS LAKEFRONT AIRPORT, LA US",30.0494,-90.0288,2014-12,10.3,3028,27,9,6,,,0,0,0,11,0,43,,,1.6,82,402,182,4,,60,66.4,53.6,200,200,36,47
USW00053917,"NEW ORLEANS LAKEFRONT AIRPORT, LA US",30.0494,-90.0288,2015-01,11.4,8,8,9,6,,,0,1,0,3,0,27,,,2.35,79,780,378,5.97,,53.1,59.8,46.3,40,360,35.1,43
USW00053917,"NEW ORLEANS LAKEFRONT AIRPORT, LA US",30.0494,-90.0288,2015-02,12.8,17,9,10,4,,,0,0,0,6,0,37,,,0.8,77,1103,324,1.7,,53.8,61.2,46.3,320,190,31.1,37
USW00053917,"NEW ORLEANS LAKEFRONT AIRPORT, LA US",30.0494,-90.0288,2015-03,9.6,149,132,11,8,,,0,0,0,25,0,33,,,1.3,85,1165,61,4.54,,67.3,75,59.5,340,340,36.9,44
USW00053917,"NEW ORLEANS LAKEFRONT AIRPORT, LA US",30.0494,-90.0288,2015-04,10.3,469,320,17,12,,,0,0,0,30,0,61,,,3.79,88,1165,0,16.25,,75.6,81.9,69.4,10,10,48.1,56
USW00053917,"NEW ORLEANS LAKEFRONT AIRPORT, LA US",30.0494,-90.0288,2015-05,9.4,951,483,11,7,,,0,0,0,31,9,67,,,1.81,91,1165,0,6.07,,80.6,87.2,73.9,320,320,48.1,56
USW00053917,"NEW ORLEANS LAKEFRONT AIRPORT, LA US",30.0494,-90.0288,2015-06,8.5,1565,613,12,4,,,0,0,0,30,24,73,,,0.28,96,1165,0,1.06,,85.4,91.6,79.2,310,260,30,39
USW00053917,"NEW ORLEANS LAKEFRONT AIRPORT, LA US",30.0494,-90.0288,2015-07,9.6,2310,745,7,5,,,0,0,0,31,31,74,,,3.17,99,0,0,5.85,,89,95.5,82.5,40,40,51,60
USW00053917,"NEW ORLEANS LAKEFRONT AIRPORT, LA US",30.0494,-90.0288,2015-08,9.2,2922,613,11,8,,,0,0,0,31,20,74,,,1.7,96,0,0,4.35,,84.8,90.9,78.7,320,310,38.9,47
USW00053917,"NEW ORLEANS LAKEFRONT AIRPORT, LA US",30.0494,-90.0288,2015-09,8.9,3377,454,10,5,,,0,0,0,30,5,66,,,2.8,92,0,0,5.47,,80.1,85.5,74.8,70,80,31.1,37
USW00053917,"NEW ORLEANS LAKEFRONT AIRPORT, LA US",30.0494,-90.0288,2015-10,11.6,3619,242,3,3,,,0,0,0,29,0,59,,,5.05,88,2,2,6.17,,72.8,78.8,66.8,120,130,40.9,54
USW00053917,"NEW ORLEANS LAKEFRONT AIRPORT, LA US",30.0494,-90.0288,2015-11,11.9,3732,112,9,5,,,0,0,0,23,0,47,,,2.06,86,34,33,5.94,,67.7,74.4,60.9,300,290,38,57
USW00053917,"NEW ORLEANS LAKEFRONT AIRPORT, LA US",30.0494,-90.0288,2015-12,12.1,3807,76,12,9,,,0,0,0,15,0,45,,,1.85,81,161,126,5.71,,63.4,69.8,56.9,310,300,38,51
USW00053917,"NEW ORLEANS LAKEFRONT AIRPORT, LA US",30.0494,-90.0288,2016-01,13,1,1,13,7,,,0,1,0,3,0,32,,,1.66,75,561,400,4.74,,52.1,59,45.3,330,320,38,48
USW00053917,"NEW ORLEANS LAKEFRONT AIRPORT, LA US",30.0494,-90.0288,2016-02,12.3,21,20,5,5,,,0,0,0,10,0,41,,,1.9,78,783,223,3.8,,58,65.3,50.7,280,160,40,52
USW00053917,"NEW ORLEANS LAKEFRONT AIRPORT, LA US",30.0494,-90.0288,2016-03,12.8,114,93,11,8,,,0,0,0,23,0,45,,,2.34,83,841,58,7.47,,66.1,72.6,59.6,10,10,46.1,55
USW00053917,"NEW ORLEANS LAKEFRONT AIRPORT, LA US",30.0494,-90.0288,2016-04,12.3,237,123,10,8,,,0,0,0,25,0,55,,,5.09,82,849,8,12.94,,68.8,74.7,62.9,250,250,40,50
USW00053917,"NEW ORLEANS LAKEFRONT AIRPORT, LA US",30.0494,-90.0288,2016-05,9.8,593,356,6,4,,,0,0,0,31,1,60,,,1.81,90,849,0,4.72,,76.5,82.6,70.4,250,260,46.1,55
USW00053917,"NEW ORLEANS LAKEFRONT AIRPORT, LA US",30.0494,-90.0288,2016-06,7.8,1157,564,15,10,,,0,0,0,30,19,73,,,1.67,96,849,0,7.02,,83.8,90.1,77.5,270,270,38.9,47
USW00053917,"NEW ORLEANS LAKEFRONT AIRPORT, LA US",30.0494,-90.0288,2016-07,7.2,1794,636,18,13,,,0,0,0,31,26,75,,,1.6,96,0,0,7.39,,85.5,91.4,79.6,300,310,38.9,46
USW00053917,"NEW ORLEANS LAKEFRONT AIRPORT, LA US",30.0494,-90.0288,2016-08,8.7,2405,611,18,10,,,0,0,0,31,23,73,,,2.02,95,0,0,8.64,,84.7,90.3,79.2,230,90,36.9,48
USW00053917,"NEW ORLEANS LAKEFRONT AIRPORT, LA US",30.0494,-90.0288,2016-09,7.8,2876,471,12,6,,,0,0,0,26,17,70,,,2.95,94,0,0,5.19,,83.9,89.7,78,320,330,31.1,41
USW00053917,"NEW ORLEANS LAKEFRONT AIRPORT, LA US",30.0494,-90.0288,2016-10,8.9,3243,367,0,0,,,0,0,0,31,0,57,,,0,89,0,0,0,,76.8,83.6,70.1,340,30,31.1,36
USW00053917,"NEW ORLEANS LAKEFRONT AIRPORT, LA US",30.0494,-90.0288,2016-11,10.7,3367,124,4,3,,,0,0,0,23,0,43,,,2.09,84,46,46,2.73,,67.6,74.2,61,190,180,36.9,47
USW00053917,"NEW ORLEANS LAKEFRONT AIRPORT, LA US",30.0494,-90.0288,2016-12,11.6,3397,29,10,6,,,0,0,0,10,0,36,,,1.67,80,254,208,6.13,,59.2,66.1,52.4,340,360,38.9,46
USW00053917,"NEW ORLEANS LAKEFRONT AIRPORT, LA US",30.0494,-90.0288,2017-01,12.5,46,46,10,7,,,0,2,0,15,0,28,,,2.3,80,437,183,5.1,,60.6,67.9,53.2,290,20,38.9,48
USW00053917,"NEW ORLEANS LAKEFRONT AIRPORT, LA US",30.0494,-90.0288,2017-02,11.4,119,74,5,4,,,0,0,0,19,0,43,,,1.13,82,504,67,2.32,,65.2,72.6,57.9,320,310,46.1,55
USW00053917,"NEW ORLEANS LAKEFRONT AIRPORT, LA US",30.0494,-90.0288,2017-03,11.9,270,150,4,4,,,0,0,0,23,0,45,,,1.34,85,558,54,3.48,,68.1,74.9,61.3,330,260,36,40
USW00053917,"NEW ORLEANS LAKEFRONT AIRPORT, LA US",30.0494,-90.0288,2017-04,11.9,532,262,5,3,,,0,0,0,30,0,57,,,2.5,87,558,0,5.5,,73.7,80.6,66.8,260,170,36.9,46
USW00053917,"NEW ORLEANS LAKEFRONT AIRPORT, LA US",30.0494,-90.0288,2017-05,11.2,872,340,9,8,,,0,0,0,31,2,59,,,2.79,90,558,0,7.37,,76,82.8,69.1,40,30,40.9,49
USW00053917,"NEW ORLEANS LAKEFRONT AIRPORT, LA US",30.0494,-90.0288,2017-06,10.7,1353,481,18,13,,,0,0,0,30,7,71,,,1.9,92,558,0,8.31,,81,86.8,75.3,50,50,44.1,50
USW00053917,"NEW ORLEANS LAKEFRONT AIRPORT, LA US",30.0494,-90.0288,2017-07,7.8,1977,624,13,8,,,0,0,0,31,22,76,,,0.92,94,0,0,4.89,,85.1,90.8,79.5,290,290,38.9,45
USW00053917,"NEW ORLEANS LAKEFRONT AIRPORT, LA US",30.0494,-90.0288,2017-08,9.2,2577,601,16,13,,,0,0,0,31,19,75,,,2.82,94,0,0,12.88,,84.4,89.9,78.9,210,210,40,56
USW00053917,"NEW ORLEANS LAKEFRONT AIRPORT, LA US",30.0494,-90.0288,2017-09,9.2,3073,495,4,3,,,0,0,0,30,11,66,,,1.01,91,0,0,1.97,,81.5,87.6,75.4,360,10,31.1,38
USW00053917,"NEW ORLEANS LAKEFRONT AIRPORT, LA US",30.0494,-90.0288,2017-10,12.1,3356,283,9,6,,,0,0,0,26,0,49,,,4.71,89,21,21,7.82,,74,80.1,68,340,330,33.1,40
USW00053917,"NEW ORLEANS LAKEFRONT AIRPORT, LA US",30.0494,-90.0288,2017-11,10.1,3457,101,3,0,,,0,0,0,21,0,45,,,0.06,84,94,73,0.12,,65.9,72.9,58.9,360,10,33.1,39
USW00053917,"NEW ORLEANS LAKEFRONT AIRPORT, LA US",30.0494,-90.0288,2017-12,11.4,3474,17,14,8,,,0,0,0,9,0,34,,,2.26,83,405,311,5,,55.5,62.4,48.7,360,10,32,37
US1LAJF0005,"RIVER RIDGE 0.7 N, LA US",29.9692,-90.2178,2009-06,,,,8,5,,,,,,,,,,,1.23,,,,3.1,,,,,,,,
US1LAJF0005,"RIVER RIDGE 0.7 N, LA US",29.9692,-90.2178,2009-07,,,,11,9,,,,,,,,,,,0.85,,,,4.79,,,,,,,,
US1LAJF0005,"RIVER RIDGE 0.7 N, LA US",29.9692,-90.2178,2009-08,,,,17,9,,,,,,,,,,,1.89,,,,7.07,,,,,,,,
US1LAJF0005,"RIVER RIDGE 0.7 N, LA US",29.9692,-90.2178,2009-09,,,,19,15,,,,,,,,,,,2.85,,,,8.84,,,,,,,,
US1LAJF0005,"RIVER RIDGE 0.7 N, LA US",29.9692,-90.2178,2009-11,,,,5,3,,0,,,,,,,,0,0.42,,,,0.78,0,,,,,,,
US1LAJF0005,"RIVER RIDGE 0.7 N, LA US",29.9692,-90.2178,2009-12,,,,19,12,,,,,,,,,,,6.92,,,,25.98,,,,,,,,
US1LAJF0005,"RIVER RIDGE 0.7 N, LA US",29.9692,-90.2178,2010-01,,,,4,2,,,,,,,,,,,1.04,,,,1.43,,,,,,,,
US1LAJF0005,"RIVER RIDGE 0.7 N, LA US",29.9692,-90.2178,2010-02,,,,9,6,,,,,,,,,,,2.48,,,,5.73,,,,,,,,
US1LAJF0005,"RIVER RIDGE 0.7 N, LA US",29.9692,-90.2178,2010-03,,,,7,5,,,,,,,,,,,1.74,,,,3.57,,,,,,,,
US1LAJF0005,"RIVER RIDGE 0.7 N, LA US",29.9692,-90.2178,2010-04,,,,4,2,,0,,,,,,,,0,1.64,,,,2.76,0,,,,,,,
US1LAJF0005,"RIVER RIDGE 0.7 N, LA US",29.9692,-90.2178,2010-05,,,,7,6,,,,,,,,,,,1.33,,,,2.59,,,,,,,,
US1LAJF0005,"RIVER RIDGE 0.7 N, LA US",29.9692,-90.2178,2010-09,,,,6,3,,,,,,,,,,,0.46,,,,0.94,,,,,,,,
US1LAJF0005,"RIVER RIDGE 0.7 N, LA US",29.9692,-90.2178,2010-10,,,,3,3,,,,,,,,,,,0.17,,,,0.42,,,,,,,,
US1LAJF0005,"RIVER RIDGE 0.7 N, LA US",29.9692,-90.2178,2011-02,,,,5,2,,,,,,,,,,,0.48,,,,0.63,,,,,,,,
US1LAJF0005,"RIVER RIDGE 0.7 N, LA US",29.9692,-90.2178,2011-03,,,,4,3,,,,,,,,,,,4.25,,,,7.8,,,,,,,,
US1LAJF0005,"RIVER RIDGE 0.7 N, LA US",29.9692,-90.2178,2011-04,,,,1,1,,0,,,,,,,,0,0.34,,,,0.34,0,,,,,,,
US1LAJF0005,"RIVER RIDGE 0.7 N, LA US",29.9692,-90.2178,2011-05,,,,3,2,,0,,,,,,,,0,0.68,,,,0.92,0,,,,,,,
US1LAJF0005,"RIVER RIDGE 0.7 N, LA US",29.9692,-90.2178,2011-06,,,,11,6,,,,,,,,,,,1.3,,,,3.98,,,,,,,,
US1LAJF0013,"METAIRIE 1.6 ESE, LA US",29.9865,-90.1547,2016-10,,,,1,0,,,,,,,,,,,0.02,,,,0.02,,,,,,,,
US1LAJF0013,"METAIRIE 1.6 ESE, LA US",29.9865,-90.1547,2016-11,,,,4,2,,,,,,,,,,,4.62,,,,4.8,,,,,,,,
US1LAJF0013,"METAIRIE 1.6 ESE, LA US",29.9865,-90.1547,2016-12,,,,13,6,,,,,,,,,,,1.2,,,,4.65,,,,,,,,
US1LAJF0013,"METAIRIE 1.6 ESE, LA US",29.9865,-90.1547,2017-02,,,,4,4,,,,,,,,,,,0.85,,,,2.12,,,,,,,,
US1LAJF0013,"METAIRIE 1.6 ESE, LA US",29.9865,-90.1547,2017-03,,,,6,4,,,,,,,,,,,1.08,,,,2.78,,,,,,,,
US1LAJF0013,"METAIRIE 1.6 ESE, LA US",29.9865,-90.1547,2017-04,,,,4,3,,,,,,,,,,,2.01,,,,3.84,,,,,,,,
US1LAJF0013,"METAIRIE 1.6 ESE, LA US",29.9865,-90.1547,2017-06,,,,19,16,,,,,,,,,,,2.8,,,,14.92,,,,,,,,
US1LAJF0013,"METAIRIE 1.6 ESE, LA US",29.9865,-90.1547,2017-08,,,,16,11,,,,,,,,,,,2.71,,,,16.05,,,,,,,,
US1LAJF0013,"METAIRIE 1.6 ESE, LA US",29.9865,-90.1547,2017-11,,,,2,0,,,,,,,,,,,0.05,,,,0.08,,,,,,,,
USC00168941,"TERRYTOWN 3 S, LA US",29.91,-90.0342,2009-01,,24,24,7,3,0,0,0,3,0,13,0,30,0,0,3.62,80,777,311,4.81,0,55.7,65.9,45.6,,,,
USC00168941,"TERRYTOWN 3 S, LA US",29.91,-90.0342,2009-02,,56,33,5,4,0,0,0,0,0,15,0,33,0,0,0.89,79,965,188,1.67,0,59.4,69,49.9,,,,
USC00168941,"TERRYTOWN 3 S, LA US",29.91,-90.0342,2009-03,,150,94,8,7,0,0,0,0,0,25,0,35,0,0,5.54,83,1043,78,9.3,0,65.5,74.5,56.6,,,,
USC00168941,"TERRYTOWN 3 S, LA US",29.91,-90.0342,2009-04,,306,156,3,3,0,0,0,0,0,28,0,44,0,0,0.45,87,1074,31,0.69,0,69.2,78.1,60.2,,,,
USC00168941,"TERRYTOWN 3 S, LA US",29.91,-90.0342,2009-05,,675,369,10,8,0,0,0,0,0,29,4,58,0,0,2.65,92,1074,0,4.81,0,77.7,85.5,69.9,,,,
USC00168941,"TERRYTOWN 3 S, LA US",29.91,-90.0342,2009-06,,1234,558,5,4,0,0,0,0,0,30,21,64,0,0,1.1,103,1074,0,2.65,0,83.6,92.8,74.4,,,,
USC00168941,"TERRYTOWN 3 S, LA US",29.91,-90.0342,2009-07,,1838,604,12,10,0,0,0,0,0,31,28,72,0,0,1.31,100,0,0,4.65,0,84.5,93,76,,,,
USC00168941,"TERRYTOWN 3 S, LA US",29.91,-90.0342,2009-08,,2397,559,18,14,0,0,0,0,0,31,21,69,0,0,1.76,97,0,0,10.3,0,83,91.3,74.8,,,,
USC00168941,"TERRYTOWN 3 S, LA US",29.91,-90.0342,2009-09,,2885,488,13,10,0,0,0,0,0,30,13,64,0,0,2.15,93,0,0,9.89,0,81.3,88.6,74,,,,
USC00168941,"TERRYTOWN 3 S, LA US",29.91,-90.0342,2009-10,,3155,270,14,13,0,0,0,0,0,25,8,46,0,0,1.21,97,39,39,6.19,0,72.4,80.5,64.5,,,,
USC00168941,"TERRYTOWN 3 S, LA US",29.91,-90.0342,2009-11,,3173,18,4,3,0,0,0,0,0,18,0,39,0,0,0.27,80,170,131,0.59,0,61.2,70.6,51.9,,,,
USC00168941,"TERRYTOWN 3 S, LA US",29.91,-90.0342,2009-12,,3185,11,14,11,0,0,0,0,0,6,0,35,0,0,5.22,76,526,356,21.78,0,53.9,61.4,46.4,,,,
USC00168941,"TERRYTOWN 3 S, LA US",29.91,-90.0342,2010-01,,0,0,6,6,0,0,0,8,0,4,0,23,0,0,1.04,79,1027,501,3.11,0,48.8,58.1,39.6,,,,
USC00168941,"TERRYTOWN 3 S, LA US",29.91,-90.0342,2010-02,,0,0,8,6,0,0,0,3,0,1,0,31,0,0,3.18,75,1501,474,7.24,0,48.1,56.1,40.1,,,,
USC00168941,"TERRYTOWN 3 S, LA US",29.91,-90.0342,2010-03,,8,8,7,6,0,0,0,0,0,14,0,36,0,0,0.93,82,1714,213,2.73,0,58.4,69.1,47.7,,,,
USC00168941,"TERRYTOWN 3 S, LA US",29.91,-90.0342,2010-04,,144,136,3,2,0,0,0,0,0,30,0,49,0,0,0.74,87,1720,6,1.36,0,69.3,79.1,59.6,,,,
USC00168941,"TERRYTOWN 3 S, LA US",29.91,-90.0342,2010-05,,587,443,9,6,0,0,0,0,0,31,11,63,0,0,2.75,94,1720,0,10.63,0,79.3,87.1,71.5,,,,
USC00168941,"TERRYTOWN 3 S, LA US",29.91,-90.0342,2010-06,,1169,582,11,7,0,0,0,0,0,30,25,73,0,0,1.92,96,1720,0,5.66,0,84.4,92.2,76.6,,,,
USC00168941,"TERRYTOWN 3 S, LA US",29.91,-90.0342,2010-07,,1776,607,14,9,0,0,0,0,0,31,25,71,0,0,1.16,98,0,0,5.46,0,84.6,91.8,77.4,,,,
USC00168941,"TERRYTOWN 3 S, LA US",29.91,-90.0342,2010-08,,2420,644,16,13,0,0,0,0,0,31,24,74,0,0,1.48,101,0,0,7.56,0,85.8,93.1,78.5,,,,
USC00168941,"TERRYTOWN 3 S, LA US",29.91,-90.0342,2010-09,,2920,500,8,5,0,0,0,0,0,30,21,59,0,0,1.05,95,0,0,3.21,0,81.7,89.9,73.5,,,,
USC00168941,"TERRYTOWN 3 S, LA US",29.91,-90.0342,2010-10,,3127,207,5,2,0,0,0,0,0,31,1,51,0,0,0.16,90,6,6,0.38,0,71.5,83,60,,,,
USC00168941,"TERRYTOWN 3 S, LA US",29.91,-90.0342,2010-11,,3203,75,8,5,0,0,0,0,0,19,0,37,0,0,2.02,83,122,115,3.55,0,63.7,73,54.3,,,,
USC00168941,"TERRYTOWN 3 S, LA US",29.91,-90.0342,2010-12,,3204,1,6,5,0,0,0,4,0,8,0,27,0,0,1.28,77,592,470,2.25,0,49.9,60.3,39.4,,,,
USC00168941,"TERRYTOWN 3 S, LA US",29.91,-90.0342,2011-01,,4,4,8,5,,,0,7,0,3,0,25,,,0.87,74,1056,463,3.25,,50.2,60.2,40.2,,,,
USC00168941,"TERRYTOWN 3 S, LA US",29.91,-90.0342,2011-02,,57,53,5,5,,,0,7,0,14,0,28,,,1.26,82,1376,321,2.69,,55.5,65.3,45.6,,,,
USC00168941,"TERRYTOWN 3 S, LA US",29.91,-90.0342,2011-03,,160,103,6,4,,,0,0,0,28,0,43,,,6,86,1433,56,9.07,,66.5,76.3,56.7,,,,
USC00168941,"TERRYTOWN 3 S, LA US",29.91,-90.0342,2011-04,,388,228,2,1,,0,0,0,0,28,0,47,,0,0.13,87,1451,18,0.14,0,72,81,63,,,,
USC00168941,"TERRYTOWN 3 S, LA US",29.91,-90.0342,2011-05,,729,341,1,1,,0,0,0,0,31,4,54,,0,0.26,90,1451,0,0.26,0,76,84.8,67.2,,,,
USC00168941,"TERRYTOWN 3 S, LA US",29.91,-90.0342,2011-06,,1313,584,9,7,,,0,0,0,30,29,72,,,1,99,1451,0,2.55,,84.5,93.3,75.6,,,,
USC00168941,"TERRYTOWN 3 S, LA US",29.91,-90.0342,2011-07,,1912,599,20,16,,,0,0,0,31,28,74,,,6.33,98,0,0,20.54,,84.3,92.2,76.5,,,,
USC00168941,"TERRYTOWN 3 S, LA US",29.91,-90.0342,2011-08,,2603,692,7,5,,,0,0,0,31,31,74,,,0.55,99,0,0,1.85,,87.3,95.8,78.8,,,,
USC00168941,"TERRYTOWN 3 S, LA US",29.91,-90.0342,2011-09,,2999,395,9,7,,,0,0,0,30,9,60,,,6.74,93,0,0,13.44,,78.2,86.9,69.5,,,,
USC00168941,"TERRYTOWN 3 S, LA US",29.91,-90.0342,2011-10,,3148,150,3,1,,0,0,0,0,27,0,45,,0,0.23,87,40,40,0.37,0,68.5,79.7,57.3,,,,
USC00168941,"TERRYTOWN 3 S, LA US",29.91,-90.0342,2011-11,,3239,90,7,3,,,0,0,0,20,0,37,,,0.52,85,173,133,1.26,,63.6,72.9,54.3,,,,
USC00168941,"TERRYTOWN 3 S, LA US",29.91,-90.0342,2011-12,,3260,21,7,5,,,0,0,0,11,0,35,,,0.19,79,463,290,0.86,,56.3,65.3,47.3,,,,
USC00168941,"TERRYTOWN 3 S, LA US",29.91,-90.0342,2012-01,,42,42,9,4,,,0,3,0,16,0,31,,,0.84,80,686,224,1.45,,59.1,69.3,48.9,,,,
USC00168941,"TERRYTOWN 3 S, LA US",29.91,-90.0342,2012-02,,72,30,11,8,,,0,2,0,15,0,31,,,2.52,79,860,173,6.66,,60.1,67.7,52.5,,,,
USC00168941,"TERRYTOWN 3 S, LA US",29.91,-90.0342,2012-03,,259,187,8,6,,,0,0,0,28,0,42,,,5.7,84,889,29,10.44,,70.1,78.5,61.6,,,,
USC00168941,"TERRYTOWN 3 S, LA US",29.91,-90.0342,2012-04,,471,212,7,5,,,0,0,0,30,0,50,,,3.38,86,897,7,9.62,,71.8,81.1,62.5,,,,
USC00168941,"TERRYTOWN 3 S, LA US",29.91,-90.0342,2012-05,,904,433,4,4,,0,0,0,0,31,8,65,,0,0.42,96,897,0,1.19,0,79,87.6,70.4,,,,
USC00168941,"TERRYTOWN 3 S, LA US",29.91,-90.0342,2012-06,,1413,509,11,10,,,0,0,0,30,16,65,,,1.51,99,897,0,5.78,,82,90,73.9,,,,
USC00168941,"TERRYTOWN 3 S, LA US",29.91,-90.0342,2012-07,,1991,577,19,13,,,0,0,0,31,24,72,,,1.87,96,0,0,7.18,,83.6,91.3,75.9,,,,
USC00168941,"TERRYTOWN 3 S, LA US",29.91,-90.0342,2012-08,,2540,550,20,19,,,0,0,0,31,20,71,,,7.28,97,0,0,22.5,,82.7,90,75.5,,,,
USC00168941,"TERRYTOWN 3 S, LA US",29.91,-90.0342,2012-09,,3003,463,7,5,,,0,0,0,30,12,66,,,2.12,94,0,0,4.87,,80.4,88.2,72.6,,,,
USC00168941,"TERRYTOWN 3 S, LA US",29.91,-90.0342,2012-10,,3199,196,2,2,,0,0,0,0,28,0,45,,0,0.42,88,37,37,0.52,0,70.1,79.8,60.4,,,,
USC00168941,"TERRYTOWN 3 S, LA US",29.91,-90.0342,2012-11,,3230,31,7,5,,,0,0,0,14,0,41,,,0.6,84,209,172,2.42,,60.3,70.8,49.8,,,,
USC00168941,"TERRYTOWN 3 S, LA US",29.91,-90.0342,2012-12,,3271,40,8,5,,,0,0,0,17,0,33,,,0.56,80,443,234,1.72,,58.8,68.8,48.7,,,,
USC00168941,"TERRYTOWN 3 S, LA US",29.91,-90.0342,2013-01,,25,25,10,9,,,0,0,0,12,0,38,,,1.24,79,729,286,5.25,,56.6,65,48.2,,,,
USC00168941,"TERRYTOWN 3 S, LA US",29.91,-90.0342,2013-02,,29,4,11,10,,,0,0,0,6,0,37,,,2.42,76,952,223,7.76,,57.2,65.4,49,,,,
USC00168941,"TERRYTOWN 3 S, LA US",29.91,-90.0342,2013-03,,50,21,4,1,,0,0,1,0,13,0,32,,0,0.27,84,1205,253,0.32,0,57.5,68.1,46.9,,,,
USC00168941,"TERRYTOWN 3 S, LA US",29.91,-90.0342,2013-04,,162,112,12,10,,,0,0,0,26,0,46,,,2.5,83,1247,42,13.29,,67.3,75.7,59,,,,
USC00168941,"TERRYTOWN 3 S, LA US",29.91,-90.0342,2013-05,,434,272,9,5,,,0,0,0,28,1,43,,,2.67,90,1267,20,6.05,,73.1,81,65.2,,,,
USC00168941,"TERRYTOWN 3 S, LA US",29.91,-90.0342,2013-06,,976,543,11,10,,,0,0,0,30,20,71,,,1.66,97,1267,0,4.4,,83.1,90.9,75.3,,,,
USC00168941,"TERRYTOWN 3 S, LA US",29.91,-90.0342,2013-07,,1511,534,14,6,,,0,0,0,31,16,71,,,2.23,94,0,0,4.79,,82.2,89.5,75,,,,
USC00168941,"TERRYTOWN 3 S, LA US",29.91,-90.0342,2013-08,,2060,549,13,11,,,0,0,0,31,22,69,,,0.77,97,0,0,3.86,,82.7,90.2,75.1,,,,
USC00168941,"TERRYTOWN 3 S, LA US",29.91,-90.0342,2013-09,,2572,512,10,7,,,0,0,0,30,21,68,,,3.64,95,0,0,8.55,,82.1,90.1,74,,,,
USC00168941,"TERRYTOWN 3 S, LA US",29.91,-90.0342,2013-10,,2826,254,11,5,,,0,0,0,31,0,51,,,0.55,89,9,9,1.96,,72.9,81.4,64.5,,,,
USC00168941,"TERRYTOWN 3 S, LA US",29.91,-90.0342,2013-11,,2877,51,10,7,,,0,2,0,17,0,31,,,1.38,83,215,206,4.59,,59.8,68.6,51.1,,,,
USC00168941,"TERRYTOWN 3 S, LA US",29.91,-90.0342,2013-12,,2909,33,9,7,,,0,0,0,10,0,33,,,3.01,80,557,342,5.8,,55,63.9,46.2,,,,
USC00168941,"TERRYTOWN 3 S, LA US",29.91,-90.0342,2014-01,,0,0,10,7,,,0,13,0,2,0,23,,,0.97,75,1136,579,3.31,,46.3,57.4,35.2,,,,
USC00168941,"TERRYTOWN 3 S, LA US",29.91,-90.0342,2014-02,,13,13,10,9,,,0,1,0,11,0,32,,,2.14,79,1434,297,7.65,,54.8,64.4,45.2,,,,
USC00168941,"TERRYTOWN 3 S, LA US",29.91,-90.0342,2014-03,,24,11,9,7,,,0,0,0,14,0,34,,,5.97,78,1666,232,9.49,,57.9,67.3,48.4,,,,
USC00168941,"TERRYTOWN 3 S, LA US",29.91,-90.0342,2014-04,,168,144,9,4,,,0,0,0,27,0,44,,,2.58,87,1710,45,3.45,,68.3,76.9,59.7,,,,
USC00168941,"TERRYTOWN 3 S, LA US",29.91,-90.0342,2014-05,,462,294,7,5,,,0,0,0,31,0,54,,,3.1,89,1712,1,7.23,,74.4,83.1,65.8,,,,
USC00168941,"TERRYTOWN 3 S, LA US",29.91,-90.0342,2014-06,,951,489,15,10,,,0,0,0,30,17,70,,,1.39,93,1712,0,4.56,,81.3,88.4,74.2,,,,
USC00168941,"TERRYTOWN 3 S, LA US",29.91,-90.0342,2014-07,,1497,546,14,8,,,0,0,0,31,22,70,,,1.34,96,0,0,5.13,,82.6,90.6,74.7,,,,
USC00168941,"TERRYTOWN 3 S, LA US",29.91,-90.0342,2014-08,,2088,591,12,8,,,0,0,0,31,23,72,,,1.66,97,0,0,4.85,,84.1,91.8,76.4,,,,
USC00168941,"TERRYTOWN 3 S, LA US",29.91,-90.0342,2014-09,,2567,479,10,7,,,0,0,0,30,13,66,,,1.31,94,0,0,3.51,,81,88.3,73.7,,,,
USC00168941,"TERRYTOWN 3 S, LA US",29.91,-90.0342,2014-10,,2803,235,4,4,,0,0,0,0,31,1,52,,0,1.15,91,3,3,1.98,0,72.5,82.7,62.3,,,,
USC00168941,"TERRYTOWN 3 S, LA US",29.91,-90.0342,2014-11,,2827,24,5,3,,,0,1,0,15,0,30,,,0.45,81,265,262,1.16,,57.1,67.3,46.8,,,,
USC00168941,"TERRYTOWN 3 S, LA US",29.91,-90.0342,2014-12,,2853,25,8,5,,,0,0,0,13,0,38,,,1.66,80,470,205,3.64,,59.2,68.2,50.2,,,,
USC00168941,"TERRYTOWN 3 S, LA US",29.91,-90.0342,2015-01,,4,4,7,7,,,0,2,0,7,0,24,,,3.31,77,899,428,5.42,,51.3,61.2,41.4,,,,
USC00168941,"TERRYTOWN 3 S, LA US",29.91,-90.0342,2015-02,,7,3,9,5,,,0,1,0,8,0,32,,,0.55,81,1266,367,1.72,,52,62.1,41.9,,,,
USC00168941,"TERRYTOWN 3 S, LA US",29.91,-90.0342,2015-03,,103,96,12,7,,,0,1,0,22,0,31,,,1.57,86,1370,104,4.51,,64.8,74,55.5,,,,
USC00168941,"TERRYTOWN 3 S, LA US",29.91,-90.0342,2015-04,,331,228,15,12,,,0,0,0,30,0,54,,,4.48,86,1371,1,12.98,,72.6,80.4,64.7,,,,
USC00168941,"TERRYTOWN 3 S, LA US",29.91,-90.0342,2015-05,,705,373,9,8,,,0,0,0,31,2,59,,,1.79,90,1371,0,4.4,,77.1,84.9,69.2,,,,
USC00168941,"TERRYTOWN 3 S, LA US",29.91,-90.0342,2015-06,,1219,514,14,9,,,0,0,0,30,19,68,,,1.78,95,1371,0,7.42,,82.1,90.1,74.2,,,,
USC00168941,"TERRYTOWN 3 S, LA US",29.91,-90.0342,2015-07,,1856,637,9,8,,,0,0,0,31,30,73,,,1.67,98,0,0,4.13,,85.5,93.9,77.2,,,,
USC00168941,"TERRYTOWN 3 S, LA US",29.91,-90.0342,2015-08,,2450,593,9,6,,,0,0,0,31,22,67,,,0.71,98,0,0,2.46,,84.1,92.4,75.9,,,,
USC00168941,"TERRYTOWN 3 S, LA US",29.91,-90.0342,2015-09,,2902,452,9,6,,,0,0,0,30,14,60,,,1.86,95,0,0,5.59,,80.1,88.3,71.9,,,,
USC00168941,"TERRYTOWN 3 S, LA US",29.91,-90.0342,2015-10,,3136,234,4,3,,,0,0,0,29,1,57,,,2.52,92,4,4,3.37,,72.4,81.1,63.8,,,,
USC00168941,"TERRYTOWN 3 S, LA US",29.91,-90.0342,2015-11,,3243,107,7,6,,,0,0,0,22,0,38,,,2.62,86,70,66,7.36,,66.3,73.9,58.7,,,,
USC00168941,"TERRYTOWN 3 S, LA US",29.91,-90.0342,2015-12,,3333,90,9,7,,,0,0,0,22,0,40,,,2.49,80,202,132,8.52,,63.6,72.1,55.1,,,,
USC00168941,"TERRYTOWN 3 S, LA US",29.91,-90.0342,2016-01,,0,0,10,7,,,0,1,0,6,0,31,,,1.76,73,605,403,6.48,,52,61.1,42.9,,,,
USC00168941,"TERRYTOWN 3 S, LA US",29.91,-90.0342,2016-02,,19,19,5,5,,0,0,0,0,14,0,35,,0,0.91,79,836,230,2.15,0,57.7,68,47.5,,,,
USC00168941,"TERRYTOWN 3 S, LA US",29.91,-90.0342,2016-03,,116,97,8,6,,,0,0,0,26,0,42,,,1.72,84,893,57,5.44,,66.3,74.5,58.1,,,,
USC00168941,"TERRYTOWN 3 S, LA US",29.91,-90.0342,2016-04,,282,166,10,7,,,0,0,0,29,0,47,,,3.36,84,902,9,7.45,,70.2,77.6,62.8,,,,
USC00168941,"TERRYTOWN 3 S, LA US",29.91,-90.0342,2016-05,,608,326,9,5,,,0,0,0,31,2,55,,,1.11,90,902,0,4.18,,75.5,83,68.1,,,,
USC00168941,"TERRYTOWN 3 S, LA US",29.91,-90.0342,2016-06,,1111,503,16,13,,,0,0,0,30,11,71,,,1.31,95,902,0,7.1,,81.8,89.3,74.2,,,,
USC00168941,"TERRYTOWN 3 S, LA US",29.91,-90.0342,2016-07,,1703,592,16,12,,,0,0,0,31,24,72,,,0.86,95,0,0,5.49,,84.1,91.5,76.7,,,,
USC00168941,"TERRYTOWN 3 S, LA US",29.91,-90.0342,2016-08,,2262,558,24,15,,,0,0,0,31,23,70,,,4.28,94,0,0,12.56,,83,89.9,76.1,,,,
USC00168941,"TERRYTOWN 3 S, LA US",29.91,-90.0342,2016-09,,2781,519,14,11,,,0,0,0,30,19,63,,,1.48,95,0,0,6.02,,82.3,89.9,74.7,,,,
USC00168941,"TERRYTOWN 3 S, LA US",29.91,-90.0342,2016-10,,3063,282,1,0,,0,0,0,0,31,0,49,,0,0.04,89,5,5,0.04,0,73.9,83.5,64.4,,,,
USC00168941,"TERRYTOWN 3 S, LA US",29.91,-90.0342,2016-11,,3159,96,3,1,,0,0,0,0,23,0,39,,0,5.8,86,81,76,5.85,0,65.7,75.2,56.1,,,,
USC00168941,"TERRYTOWN 3 S, LA US",29.91,-90.0342,2016-12,,3208,48,8,6,,,0,0,0,13,0,35,,,1.44,80,295,214,5.27,,59.7,67.5,51.8,,,,
USC00168941,"TERRYTOWN 3 S, LA US",29.91,-90.0342,2017-01,,49,49,11,9,,,0,3,0,18,0,26,,,4.1,81,497,202,9.95,,60.1,68.7,51.4,,,,
USC00168941,"TERRYTOWN 3 S, LA US",29.91,-90.0342,2017-02,,92,43,5,4,,0,0,0,0,20,0,41,,0,1.12,80,586,89,2.35,0,63.4,73,53.7,,,,
USC00168941,"TERRYTOWN 3 S, LA US",29.91,-90.0342,2017-03,,220,128,4,3,,,0,0,0,23,0,42,,,0.71,86,658,72,1.21,,66.8,75.2,58.4,,,,
USC00168941,"TERRYTOWN 3 S, LA US",29.91,-90.0342,2017-04,,436,216,6,3,,0,0,0,0,30,0,50,,0,1.15,89,661,3,1.83,0,72.1,82.7,61.5,,,,
US1LAJF0003,"METAIRIE 1.7 NW, LA US",30.0182,-90.1941,2009-01,,,,8,5,,,,,,,,,,,5.06,,,,6.64,,,,,,,,
US1LAJF0003,"METAIRIE 1.7 NW, LA US",30.0182,-90.1941,2009-04,,,,8,3,,,,,,,,,,,0.62,,,,1.82,,,,,,,,
US1LAJF0003,"METAIRIE 1.7 NW, LA US",30.0182,-90.1941,2009-06,,,,5,4,,,,,,,,,,,2.12,,,,4.05,,,,,,,,
US1LAJF0003,"METAIRIE 1.7 NW, LA US",30.0182,-90.1941,2009-07,,,,11,10,,,,,,,,,,,0.84,,,,4.25,,,,,,,,
US1LAJF0003,"METAIRIE 1.7 NW, LA US",30.0182,-90.1941,2009-08,,,,11,8,,,,,,,,,,,3.15,,,,9.83,,,,,,,,
US1LAJF0003,"METAIRIE 1.7 NW, LA US",30.0182,-90.1941,2009-09,,,,16,14,,,,,,,,,,,2.3,,,,10.94,,,,,,,,
US1LAJF0003,"METAIRIE 1.7 NW, LA US",30.0182,-90.1941,2009-10,,,,17,10,,,,,,,,,,,1.21,,,,6.9,,,,,,,,
US1LAJF0003,"METAIRIE 1.7 NW, LA US",30.0182,-90.1941,2009-11,,,,4,3,,,,,,,,,,,0.55,,,,0.92,,,,,,,,
US1LAJF0003,"METAIRIE 1.7 NW, LA US",30.0182,-90.1941,2010-01,,,,7,5,,,,,,,,,,,1.16,,,,2.42,,,,,,,,
US1LAJF0003,"METAIRIE 1.7 NW, LA US",30.0182,-90.1941,2010-02,,,,10,7,,,,,,,,,,,2.29,,,,7.17,,,,,,,,
US1LAJF0003,"METAIRIE 1.7 NW, LA US",30.0182,-90.1941,2010-03,,,,7,5,,,,,,,,,,,1.35,,,,2.89,,,,,,,,
US1LAJF0003,"METAIRIE 1.7 NW, LA US",30.0182,-90.1941,2010-07,,,,14,10,,,,,,,,,,,2.86,,,,8.01,,,,,,,,
US1LAJF0003,"METAIRIE 1.7 NW, LA US",30.0182,-90.1941,2010-08,,,,17,14,,,,,,,,,,,4.34,,,,19.28,,,,,,,,
US1LAJF0003,"METAIRIE 1.7 NW, LA US",30.0182,-90.1941,2010-11,,,,7,3,,,,,,,,,,,1.17,,,,2.73,,,,,,,,
USC00166130,"MERAUX, LA US",29.9313,-89.9306,2010-11,,,,7,6,,,,,,,,,,,1.6,,,,3.58,,,,,,,,
USC00166130,"MERAUX, LA US",29.9313,-89.9306,2010-12,,,,5,4,,0,,,,,,,,0,1.19,,,,2.27,0,,,,,,,
USC00166130,"MERAUX, LA US",29.9313,-89.9306,2011-01,,,,8,7,,,,,,,,,,,1.45,,,,4.81,,,,,,,,
USC00166130,"MERAUX, LA US",29.9313,-89.9306,2011-02,,,,6,4,,,,,,,,,,,1.19,,,,2.92,,,,,,,,
USC00166130,"MERAUX, LA US",29.9313,-89.9306,2011-03,,,,8,4,,,,,,,,,,,4.27,,,,7.8,,,,,,,,
USC00166130,"MERAUX, LA US",29.9313,-89.9306,2011-04,,,,2,1,,0,,,,,,,,0,0.41,,,,0.45,0,,,,,,,
USC00166130,"MERAUX, LA US",29.9313,-89.9306,2011-05,,,,1,1,,0,,,,,,,,0,0.31,,,,0.31,0,,,,,,,
USC00166130,"MERAUX, LA US",29.9313,-89.9306,2011-07,,,,14,12,,,,,,,,,,,6.1,,,,18.6,,,,,,,,
USC00166130,"MERAUX, LA US",29.9313,-89.9306,2011-08,,,,4,4,,0,,,,,,,,0,2.38,,,,4.14,0,,,,,,,
USC00166130,"MERAUX, LA US",29.9313,-89.9306,2011-09,,,,8,7,,,,,,,,,,,6.53,,,,12.65,,,,,,,,
USC00166130,"MERAUX, LA US",29.9313,-89.9306,2011-10,,,,3,1,,0,,,,,,,,0,0.23,,,,0.36,0,,,,,,,
USC00166130,"MERAUX, LA US",29.9313,-89.9306,2011-11,,,,5,2,,,,,,,,,,,1.02,,,,1.44,,,,,,,,
USC00166130,"MERAUX, LA US",29.9313,-89.9306,2011-12,,,,7,4,,,,,,,,,,,0.23,,,,0.79,,,,,,,,
USC00166130,"MERAUX, LA US",29.9313,-89.9306,2012-01,,,,8,5,,,,,,,,,,,0.86,,,,1.67,,,,,,,,
USC00166130,"MERAUX, LA US",29.9313,-89.9306,2012-02,,,,10,8,,,,,,,,,,,1.44,,,,6.01,,,,,,,,
USC00166130,"MERAUX, LA US",29.9313,-89.9306,2012-03,,,,7,6,,,,,,,,,,,4.05,,,,7.7,,,,,,,,
USC00166130,"MERAUX, LA US",29.9313,-89.9306,2012-04,,,,7,7,,,,,,,,,,,2.72,,,,6.69,,,,,,,,
USC00166130,"MERAUX, LA US",29.9313,-89.9306,2012-05,,,,5,5,,0,,,,,,,,0,0.78,,,,2.25,0,,,,,,,
USC00166130,"MERAUX, LA US",29.9313,-89.9306,2012-06,,,,8,7,,,,,,,,,,,1.1,,,,5.34,,,,,,,,
USC00166130,"MERAUX, LA US",29.9313,-89.9306,2012-07,,,,21,19,,,,,,,,,,,3.24,,,,18.98,,,,,,,,
USC00166130,"MERAUX, LA US",29.9313,-89.9306,2012-08,,,,13,12,,,,,,,,,,,1.94,,,,7.98,,,,,,,,
USC00166130,"MERAUX, LA US",29.9313,-89.9306,2012-09,,,,5,4,,,,,,,,,,,1.87,,,,4.53,,,,,,,,
USC00166130,"MERAUX, LA US",29.9313,-89.9306,2012-10,,,,2,1,,0,,,,,,,,0,0.47,,,,0.51,0,,,,,,,
USC00166130,"MERAUX, LA US",29.9313,-89.9306,2012-11,,,,6,5,,,,,,,,,,,0.64,,,,2.49,,,,,,,,
USC00166130,"MERAUX, LA US",29.9313,-89.9306,2012-12,,,,5,4,,0,,,,,,,,0,0.76,,,,1.9,0,,,,,,,
USC00166130,"MERAUX, LA US",29.9313,-89.9306,2013-01,,,,9,9,,,,,,,,,,,1.57,,,,5.52,,,,,,,,
USC00166130,"MERAUX, LA US",29.9313,-89.9306,2013-02,,,,8,8,,,,,,,,,,,4.55,,,,10.86,,,,,,,,
USC00166130,"MERAUX, LA US",29.9313,-89.9306,2013-03,,,,1,1,,0,,,,,,,,0,0.35,,,,0.35,0,,,,,,,
USC00166130,"MERAUX, LA US",29.9313,-89.9306,2013-04,,,,12,9,,,,,,,,,,,3.71,,,,14.38,,,,,,,,
USC00166130,"MERAUX, LA US",29.9313,-89.9306,2013-05,,,,8,6,,,,,,,,,,,2.01,,,,6.23,,,,,,,,
USC00166130,"MERAUX, LA US",29.9313,-89.9306,2013-06,,,,7,7,,,,,,,,,,,1.91,,,,4.44,,,,,,,,
USC00166130,"MERAUX, LA US",29.9313,-89.9306,2013-07,,,,4,4,,0,,,,,,,,0,1.74,,,,3.48,0,,,,,,,
USC00166130,"MERAUX, LA US",29.9313,-89.9306,2015-10,,,,0,0,0,0,,,,,,,0,0,0,,,,4.27,0,,,,,,,
USC00166130,"MERAUX, LA US",29.9313,-89.9306,2015-11,,,,6,6,0,0,,,,,,,0,0,2.88,,,,6.47,0,,,,,,,
USC00166130,"MERAUX, LA US",29.9313,-89.9306,2015-12,,,,9,8,0,0,,,,,,,0,0,2.68,,,,9.73,0,,,,,,,
USC00166130,"MERAUX, LA US",29.9313,-89.9306,2016-01,,,,10,7,0,0,,,,,,,0,0,1.94,,,,6.2,0,,,,,,,
USC00166130,"MERAUX, LA US",29.9313,-89.9306,2016-02,,,,5,4,0,0,,,,,,,0,0,1.03,,,,2.4,0,,,,,,,
USC00166130,"MERAUX, LA US",29.9313,-89.9306,2016-03,,,,10,7,0,0,,,,,,,0,0,1.79,,,,8.42,0,,,,,,,
USC00166130,"MERAUX, LA US",29.9313,-89.9306,2016-04,,,,10,7,0,0,,,,,,,0,0,3.23,,,,8.3,0,,,,,,,
USC00166130,"MERAUX, LA US",29.9313,-89.9306,2016-05,,,,8,7,0,0,,,,,,,0,0,2.22,,,,7.48,0,,,,,,,
USC00166130,"MERAUX, LA US",29.9313,-89.9306,2016-06,,,,11,11,0,0,,,,,,,0,0,2.51,,,,10.2,0,,,,,,,
USC00166130,"MERAUX, LA US",29.9313,-89.9306,2016-07,,,,14,13,0,0,,,,,,,0,0,1.62,,,,8.15,0,,,,,,,
USC00166130,"MERAUX, LA US",29.9313,-89.9306,2016-08,,,,19,13,,,,,,,,,,,3.07,,,,10.2,,,,,,,,
USC00166130,"MERAUX, LA US",29.9313,-89.9306,2016-09,,,,10,10,0,0,,,,,,,0,0,1.39,,,,5.63,0,,,,,,,
USC00166130,"MERAUX, LA US",29.9313,-89.9306,2016-10,,,,1,1,0,0,,,,,,,0,0,0.49,,,,0.49,0,,,,,,,
USC00166130,"MERAUX, LA US",29.9313,-89.9306,2016-11,,,,3,1,0,0,,,,,,,0,0,1.97,,,,2.01,0,,,,,,,
USC00166130,"MERAUX, LA US",29.9313,-89.9306,2016-12,,,,11,7,0,0,,,,,,,0,0,1.55,,,,5.98,0,,,,,,,
USC00166130,"MERAUX, LA US",29.9313,-89.9306,2017-01,,,,13,8,0,0,,,,,,,0,0,4.02,,,,10.42,0,,,,,,,
USC00166130,"MERAUX, LA US",29.9313,-89.9306,2017-02,,,,4,4,0,0,,,,,,,0,0,0.75,,,,2.24,0,,,,,,,
USC00166130,"MERAUX, LA US",29.9313,-89.9306,2017-03,,,,7,5,0,0,,,,,,,0,0,2.41,,,,5.11,0,,,,,,,
USC00166130,"MERAUX, LA US",29.9313,-89.9306,2017-04,,,,3,3,0,0,,,,,,,0,0,2.06,,,,2.58,0,,,,,,,
USC00166130,"MERAUX, LA US",29.9313,-89.9306,2017-05,,,,9,9,0,0,,,,,,,0,0,5.56,,,,12.03,0,,,,,,,
USC00166130,"MERAUX, LA US",29.9313,-89.9306,2017-06,,,,18,15,0,0,,,,,,,0,0,3.91,,,,15.63,0,,,,,,,
USC00166130,"MERAUX, LA US",29.9313,-89.9306,2017-07,,,,17,11,0,0,,,,,,,0,0,1.67,,,,7.43,0,,,,,,,
USC00166130,"MERAUX, LA US",29.9313,-89.9306,2017-08,,,,22,22,0,0,,,,,,,0,0,4.07,,,,18.64,0,,,,,,,
USC00166130,"MERAUX, LA US",29.9313,-89.9306,2017-09,,,,8,5,0,0,,,,,,,0,0,1.26,,,,1.93,0,,,,,,,
USC00166130,"MERAUX, LA US",29.9313,-89.9306,2017-10,,,290,9,8,0,0,0,0,0,29,6,40,0,0,6.02,93,,35,10.69,0,73.2,82.4,64.1,,,,
USC00166130,"MERAUX, LA US",29.9313,-89.9306,2017-11,,,85,1,0,0,0,0,0,0,25,0,38,0,0,0.06,87,,100,0.06,0,64.5,75.5,53.5,,,,
USC00166130,"MERAUX, LA US",29.9313,-89.9306,2017-12,,,25,14,9,0,0,0,0,0,13,0,34,0,0,2.75,84,,322,7.35,0,55.4,64.6,46.2,,,,
US1LAOR0006,"NEW ORLEANS 2.1 ENE, LA US",29.9617,-90.0388,2015-06,,,,12,11,,,,,,,,,,,0.57,,,,3.33,,,,,,,,
US1LAOR0006,"NEW ORLEANS 2.1 ENE, LA US",29.9617,-90.0388,2015-07,,,,10,6,,,,,,,,,,,2.45,,,,4.7,,,,,,,,
US1LAOR0006,"NEW ORLEANS 2.1 ENE, LA US",29.9617,-90.0388,2015-08,,,,7,5,,,,,,,,,,,0.71,,,,2.17,,,,,,,,
US1LAOR0006,"NEW ORLEANS 2.1 ENE, LA US",29.9617,-90.0388,2015-10,,,,3,3,,,,,,,,,,,3.78,,,,5.08,,,,,,,,
US1LAOR0006,"NEW ORLEANS 2.1 ENE, LA US",29.9617,-90.0388,2016-03,,,,10,8,,,,,,,,,,,2.24,,,,7.04,,,,,,,,
US1LAOR0006,"NEW ORLEANS 2.1 ENE, LA US",29.9617,-90.0388,2016-04,,,,7,7,,,,,,,,,,,3.14,,,,6.77,,,,,,,,
US1LAOR0006,"NEW ORLEANS 2.1 ENE, LA US",29.9617,-90.0388,2016-05,,,,6,4,,,,,,,,,,,1.92,,,,6.02,,,,,,,,
US1LAOR0006,"NEW ORLEANS 2.1 ENE, LA US",29.9617,-90.0388,2016-07,,,,8,3,,,,,,,,,,,2.52,,,,3.87,,,,,,,,
US1LAOR0006,"NEW ORLEANS 2.1 ENE, LA US",29.9617,-90.0388,2017-04,,,,5,3,,,,,,,,,,,2.41,,,,3,,,,,,,,
US1LAOR0006,"NEW ORLEANS 2.1 ENE, LA US",29.9617,-90.0388,2017-05,,,,10,10,,,,,,,,,,,4.91,,,,14.29,,,,,,,,
US1LAOR0006,"NEW ORLEANS 2.1 ENE, LA US",29.9617,-90.0388,2017-10,,,,8,6,,,,,,,,,,,3.6,,,,7.71,,,,,,,,
US1LAOR0006,"NEW ORLEANS 2.1 ENE, LA US",29.9617,-90.0388,2017-11,,,,2,0,,,,,,,,,,,0.04,,,,0.08,,,,,,,,
US1LAOR0003,"NEW ORLEANS 3.6 SW, LA US",29.9195,-90.1185,2009-11,,,,3,2,,,,,,,,,,,0.75,,,,0.89,,,,,,,,
US1LAOR0003,"NEW ORLEANS 3.6 SW, LA US",29.9195,-90.1185,2011-02,,,,4,3,,,,,,,,,,,0.61,,,,1.64,,,,,,,,
US1LAOR0003,"NEW ORLEANS 3.6 SW, LA US",29.9195,-90.1185,2011-04,,,,1,1,,0,,,,,,,,0,0.3,,,,0.3,0,,,,,,,
US1LAOR0003,"NEW ORLEANS 3.6 SW, LA US",29.9195,-90.1185,2011-05,,,,1,1,,0,,,,,,,,0,0.5,,,,0.5,0,,,,,,,
US1LAOR0003,"NEW ORLEANS 3.6 SW, LA US",29.9195,-90.1185,2011-08,,,,9,6,,,,,,,,,,,0.7,,,,2.55,,,,,,,,
US1LAOR0003,"NEW ORLEANS 3.6 SW, LA US",29.9195,-90.1185,2012-03,,,,7,5,,,,,,,,,,,3.07,,,,5.57,,,,,,,,
US1LAOR0003,"NEW ORLEANS 3.6 SW, LA US",29.9195,-90.1185,2012-04,,,,6,5,,,,,,,,,,,3.09,,,,6.29,,,,,,,,
US1LAOR0003,"NEW ORLEANS 3.6 SW, LA US",29.9195,-90.1185,2012-08,,,,14,8,,,,,,,,,,,1.85,,,,6.01,,,,,,,,
US1LAOR0003,"NEW ORLEANS 3.6 SW, LA US",29.9195,-90.1185,2012-09,,,,5,4,,,,,,,,,,,1.5,,,,3.59,,,,,,,,
US1LAOR0003,"NEW ORLEANS 3.6 SW, LA US",29.9195,-90.1185,2012-10,,,,3,1,,0,,,,,,,,0,1.25,,,,1.31,0,,,,,,,
US1LAOR0003,"NEW ORLEANS 3.6 SW, LA US",29.9195,-90.1185,2012-11,,,,2,2,,,,,,,,,,,0.95,,,,1.85,,,,,,,,
US1LAOR0003,"NEW ORLEANS 3.6 SW, LA US",29.9195,-90.1185,2013-01,,,,7,6,,,,,,,,,,,1.82,,,,7.03,,,,,,,,
US1LAOR0003,"NEW ORLEANS 3.6 SW, LA US",29.9195,-90.1185,2013-02,,,,6,5,,,,,,,,,,,2.28,,,,6.58,,,,,,,,
US1LAOR0003,"NEW ORLEANS 3.6 SW, LA US",29.9195,-90.1185,2013-03,,,,3,1,,0,,,,,,,,0,0.48,,,,0.51,0,,,,,,,
US1LAOR0003,"NEW ORLEANS 3.6 SW, LA US",29.9195,-90.1185,2013-05,,,,4,3,,,,,,,,,,,2.84,,,,3.59,,,,,,,,
US1LAOR0003,"NEW ORLEANS 3.6 SW, LA US",29.9195,-90.1185,2014-01,,,,8,6,,,,,,,,,,,0.89,,,,2.13,,,,,,,,
US1LAOR0003,"NEW ORLEANS 3.6 SW, LA US",29.9195,-90.1185,2014-02,,,,7,5,,,,,,,,,,,2.24,,,,6.65,,,,,,,,
US1LAOR0003,"NEW ORLEANS 3.6 SW, LA US",29.9195,-90.1185,2014-04,,,,2,1,,0,,,,,,,,0,2.67,,,,2.7,0,,,,,,,
US1LAOR0003,"NEW ORLEANS 3.6 SW, LA US",29.9195,-90.1185,2015-02,,,,9,4,,,,,,,,,,,0.39,,,,0.99,,,,,,,,
US1LAOR0003,"NEW ORLEANS 3.6 SW, LA US",29.9195,-90.1185,2015-03,,,,9,5,,,,,,,,,,,1.16,,,,2.18,,,,,,,,
USC00165926,"MARRERO 9 SSW, LA US",29.7852,-90.1158,2009-01,,21,21,6,5,0,0,0,3,0,12,0,30,0,0,2.69,79,,326,3.88,0,55.1,65.7,44.5,,,,
USC00165926,"MARRERO 9 SSW, LA US",29.7852,-90.1158,2009-02,,,,4,3,0,0,,,,,,,0,0,0.3,,,,0.57,0,,,,,,,
USC00165926,"MARRERO 9 SSW, LA US",29.7852,-90.1158,2009-03,,,,,,0,0,,,,,,,0,0,,,,,,0,,,,,,,
USC00165926,"MARRERO 9 SSW, LA US",29.7852,-90.1158,2009-04,,,,3,3,0,0,,,,,,,0,0,0.7,,,,1.03,0,,,,,,,
USC00165926,"MARRERO 9 SSW, LA US",29.7852,-90.1158,2009-05,,,,6,6,0,0,,,,,,,0,0,2,,,,5.45,0,,,,,,,
USC00165926,"MARRERO 9 SSW, LA US",29.7852,-90.1158,2009-06,,,,4,4,0,0,,,,,,,0,0,0.5,,,,1.24,0,,,,,,,
USC00165926,"MARRERO 9 SSW, LA US",29.7852,-90.1158,2009-08,,,,,,0,0,,,,,,,0,0,,,,,,0,,,,,,,
USC00165926,"MARRERO 9 SSW, LA US",29.7852,-90.1158,2009-09,,,369,,,0,0,0,0,0,25,8,59,0,0,,92,,0,,0,79.8,87.5,72.1,,,,
USC00165926,"MARRERO 9 SSW, LA US",29.7852,-90.1158,2009-10,,,,,,0,0,,,,,,,0,0,,,,,,0,,,,,,,
USC00165926,"MARRERO 9 SSW, LA US",29.7852,-90.1158,2009-11,,,,1,0,0,0,,,,,,,0,0,0.05,,,,0.05,0,,,,,,,
USC00165926,"MARRERO 9 SSW, LA US",29.7852,-90.1158,2009-12,,,,,,0,0,,,,,,,0,0,,,,,,0,,,,,,,
USC00165926,"MARRERO 9 SSW, LA US",29.7852,-90.1158,2010-01,,,,4,4,0,0,,,,,,,0,0,1.15,,,,2.57,0,,,,,,,
USC00165926,"MARRERO 9 SSW, LA US",29.7852,-90.1158,2010-02,,,,,,0,0,,,,,,,0,0,,,,,,0,,,,,,,
USC00165926,"MARRERO 9 SSW, LA US",29.7852,-90.1158,2010-03,,,,6,6,0,0,,,,,,,0,0,1.5,,,,3.53,0,,,,,,,
USC00165926,"MARRERO 9 SSW, LA US",29.7852,-90.1158,2010-04,,,,3,3,0,0,,,,,,,0,0,0.7,,,,0.9,0,,,,,,,
USC00165926,"MARRERO 9 SSW, LA US",29.7852,-90.1158,2010-05,,,,7,6,0,0,,,,,,,0,0,3,,,,9.37,0,,,,,,,
USC00165926,"MARRERO 9 SSW, LA US",29.7852,-90.1158,2010-06,,,,,,0,0,,,,,,,0,0,,,,,,0,,,,,,,
USC00165926,"MARRERO 9 SSW, LA US",29.7852,-90.1158,2010-07,,,,,,0,0,,,,,,,0,0,,,,,,0,,,,,,,
USC00165926,"MARRERO 9 SSW, LA US",29.7852,-90.1158,2010-08,,,483,16,13,,0,0,0,0,26,16,72,,0,1.9,98,,0,9.6,0,83.6,90.8,76.3,,,,
USC00165926,"MARRERO 9 SSW, LA US",29.7852,-90.1158,2010-09,,,,2,2,0,0,,,,,,,0,0,0.5,,,,1,0,,,,,,,
USC00165926,"MARRERO 9 SSW, LA US",29.7852,-90.1158,2010-10,,,,2,2,0,0,0,0,0,24,0,48,0,0,0.2,87,,,0.3,0,69.5,81.2,57.7,,,,
USC00165926,"MARRERO 9 SSW, LA US",29.7852,-90.1158,2010-11,,,53,9,8,0,0,0,0,0,19,0,38,0,0,0.78,83,,112,4.22,0,62.8,73.3,52.3,,,,
USC00165926,"MARRERO 9 SSW, LA US",29.7852,-90.1158,2010-12,,,5,6,5,0,0,0,7,0,7,0,24,0,0,1.6,76,,400,2.81,0,51.3,62.4,40.2,,,,
USC00165926,"MARRERO 9 SSW, LA US",29.7852,-90.1158,2011-11,,,72,4,3,,,0,0,0,18,0,33,,,0.18,83,,109,0.48,,63.5,73.8,53.3,,,,
USC00165926,"MARRERO 9 SSW, LA US",29.7852,-90.1158,2012-02,,,33,12,10,,,0,1,0,14,0,31,,,1.95,83,,125,5.67,,61.2,69.2,53.2,,,,
USC00165926,"MARRERO 9 SSW, LA US",29.7852,-90.1158,2013-04,,,83,11,8,,,0,0,0,24,0,44,,,1.93,86,,45,8.26,,66.6,76.9,56.4,,,,
USC00165926,"MARRERO 9 SSW, LA US",29.7852,-90.1158,2014-05,,,209,,,,,0,0,0,26,0,52,,,,88,,4,,,72.9,83.4,62.4,,,,
USC00165926,"MARRERO 9 SSW, LA US",29.7852,-90.1158,2014-06,,,,14,9,,,,,0,29,17,,,,1.3,92,,,5.57,,,88.6,,,,,
USC00165926,"MARRERO 9 SSW, LA US",29.7852,-90.1158,2014-07,,,,14,8,,,,,,,,,,,1.39,,,,5.33,,,,,,,,
USC00165926,"MARRERO 9 SSW, LA US",29.7852,-90.1158,2014-09,,,,11,8,,,,,,,,,,,2,,,,6.28,,,,,,,,
USC00165926,"MARRERO 9 SSW, LA US",29.7852,-90.1158,2015-03,,,93,,,,,0,1,0,24,0,30,,,,86,,79,,,65.5,75.5,55.5,,,,
USC00165926,"MARRERO 9 SSW, LA US",29.7852,-90.1158,2015-04,,,246,,,,,0,0,0,30,0,55,,,,87,,2,,,73.1,81.1,65.2,,,,
USC00165926,"MARRERO 9 SSW, LA US",29.7852,-90.1158,2015-05,,,,,,,,,,,,,,,,,,,,3.21,,,,,,,,
USC00165926,"MARRERO 9 SSW, LA US",29.7852,-90.1158,2015-06,,,492,,,,,0,0,0,30,22,68,,,,96,,0,4.27,,81.4,90.5,72.3,,,,
USC00165926,"MARRERO 9 SSW, LA US",29.7852,-90.1158,2015-07,,,599,,,,,0,0,0,31,29,71,,,,97,0,0,5.75,,84.3,93.4,75.3,,,,
USC00165926,"MARRERO 9 SSW, LA US",29.7852,-90.1158,2015-08,,,530,,,,,0,0,0,31,19,64,,,,96,0,0,4.92,,82.1,90.9,73.3,,,,
USC00165926,"MARRERO 9 SSW, LA US",29.7852,-90.1158,2015-09,,,367,,,,,0,0,0,29,7,59,,,,93,0,0,6.38,,77.7,85.5,69.8,,,,
USC00165926,"MARRERO 9 SSW, LA US",29.7852,-90.1158,2015-10,,,180,,,,,0,0,0,28,1,51,,,,90,10,10,,,70.7,79.8,61.5,,,,
USC00165926,"MARRERO 9 SSW, LA US",29.7852,-90.1158,2015-11,,,102,,,,,0,0,0,21,0,35,,,,86,109,99,,,65.1,72.9,57.3,,,,
USC00165926,"MARRERO 9 SSW, LA US",29.7852,-90.1158,2015-12,,,86,,,,,0,0,0,21,0,37,,,,81,272,164,7.61,,62.5,71.1,53.9,,,,
USC00165926,"MARRERO 9 SSW, LA US",29.7852,-90.1158,2016-01,,0,0,,,,,0,3,0,6,0,29,,,,71,706,434,7.12,,51,60.3,41.7,,,,
USC00165926,"MARRERO 9 SSW, LA US",29.7852,-90.1158,2016-02,,13,13,6,4,,,0,3,0,14,0,32,,,0.84,78,989,283,1.93,,55.7,67.5,43.9,,,,
USC00165926,"MARRERO 9 SSW, LA US",29.7852,-90.1158,2016-03,,,,,,,,,,,,,,,,,,,,6.79,,,,,,,,
USC00165926,"MARRERO 9 SSW, LA US",29.7852,-90.1158,2016-04,,,144,,,,,0,0,0,29,0,46,,,,84,,16,,,69.3,77.5,61,,,,
USC00165926,"MARRERO 9 SSW, LA US",29.7852,-90.1158,2016-05,,,296,,,,,0,0,0,31,1,53,,,,90,,0,3,,74.5,83.2,65.9,,,,
USC00165926,"MARRERO 9 SSW, LA US",29.7852,-90.1158,2016-06,,,465,,,,,0,0,0,29,13,70,,,,95,,0,8.56,,81,89.3,72.8,,,,
USC00165926,"MARRERO 9 SSW, LA US",29.7852,-90.1158,2016-08,,,519,,,,,0,0,0,31,18,70,,,,94,,0,12.79,,81.8,88.6,74.9,,,,
USC00165926,"MARRERO 9 SSW, LA US",29.7852,-90.1158,2016-09,,,475,,,,,0,0,0,30,12,59,,,,94,,0,8.75,,80.9,88.6,73.1,,,,
USC00165926,"MARRERO 9 SSW, LA US",29.7852,-90.1158,2016-10,,,240,1,0,0,0,0,0,0,31,0,47,0,0,0.02,89,,8,0.02,0,72.5,83.1,61.9,,,,
USC00165926,"MARRERO 9 SSW, LA US",29.7852,-90.1158,2016-11,,,72,2,1,,,0,0,0,23,0,38,,,2.65,85,,103,2.67,,64,74.3,53.7,,,,
USC00165926,"MARRERO 9 SSW, LA US",29.7852,-90.1158,2016-12,,,49,,,,,0,0,0,13,0,33,,,,80,,230,4.94,,59,67.5,50.4,,,,
USC00165926,"MARRERO 9 SSW, LA US",29.7852,-90.1158,2017-01,,47,47,,,,,0,3,0,18,0,26,,,,79,,226,,,59.2,68.1,50.3,,,,
USC00165926,"MARRERO 9 SSW, LA US",29.7852,-90.1158,2017-02,,82,35,2,2,,,0,0,0,22,0,38,,,0.47,80,,119,2.34,,62,72.5,51.5,,,,
USC00165926,"MARRERO 9 SSW, LA US",29.7852,-90.1158,2017-03,,201,119,2,1,,,0,0,0,23,0,41,,,1.44,83,,92,2.28,,65.9,75.2,56.5,,,,
USC00165926,"MARRERO 9 SSW, LA US",29.7852,-90.1158,2017-04,,388,187,,,,,0,0,0,30,0,48,,,,87,,16,,,70.7,80.8,60.5,,,,
USC00165926,"MARRERO 9 SSW, LA US",29.7852,-90.1158,2017-05,,642,254,,,,,0,0,0,31,1,53,,,,91,,4,,,73.1,82.5,63.6,,,,
USC00165926,"MARRERO 9 SSW, LA US",29.7852,-90.1158,2017-06,,1023,381,,,,,0,0,0,27,6,63,,,,92,,0,,,79.1,86.3,71.9,,,,
USC00165926,"MARRERO 9 SSW, LA US",29.7852,-90.1158,2017-07,,1563,540,,,,,0,0,0,31,22,71,,,,95,0,0,,,82.4,90.4,74.5,,,,
USC00165926,"MARRERO 9 SSW, LA US",29.7852,-90.1158,2017-08,,2092,529,,,,,0,0,0,31,15,71,,,,96,0,0,13.06,,82.1,89,75.2,,,,
USC00165926,"MARRERO 9 SSW, LA US",29.7852,-90.1158,2017-09,,2488,395,,,,,0,0,0,30,13,60,,,,92,0,0,,,78.2,87.3,69.1,,,,
USC00165926,"MARRERO 9 SSW, LA US",29.7852,-90.1158,2017-10,,2719,231,,,,,0,0,0,27,1,41,,,,91,53,53,,,70.9,79.6,62.2,,,,
USC00165926,"MARRERO 9 SSW, LA US",29.7852,-90.1158,2017-11,,2792,73,3,0,,,0,0,0,21,0,37,,,0.05,84,186,133,0.09,,63,73.4,52.7,,,,
USC00165926,"MARRERO 9 SSW, LA US",29.7852,-90.1158,2017-12,,2839,46,,,,,0,1,0,12,0,32,,,,84,520,333,,,55.7,64.9,46.5,,,,
USW00012930,"NEW ORLEANS AUDUBON, LA US",29.9166,-90.1302,2009-01,,22,22,7,5,0,0,0,1,0,11,0,32,0,0,4.87,79,,315,6.72,0,55.5,64.6,46.5,,,,
USW00012930,"NEW ORLEANS AUDUBON, LA US",29.9166,-90.1302,2009-02,,50,28,10,4,0,0,0,0,0,15,0,35,0,0,1.16,80,,190,2.46,0,59.2,68.5,49.9,,,,
USW00012930,"NEW ORLEANS AUDUBON, LA US",29.9166,-90.1302,2009-03,,160,110,7,5,0,0,0,0,0,25,0,37,0,0,3.06,84,,74,7.09,0,66.1,74.9,57.4,,,,
USW00012930,"NEW ORLEANS AUDUBON, LA US",29.9166,-90.1302,2009-04,,326,166,5,3,0,0,0,0,0,26,0,47,0,0,0.39,87,,24,0.88,0,69.9,78.4,61.5,,,,
USW00012930,"NEW ORLEANS AUDUBON, LA US",29.9166,-90.1302,2009-05,,733,407,8,3,0,0,0,0,0,29,8,59,0,0,0.5,93,,0,1.12,0,79,87.3,70.8,,,,
USW00012930,"NEW ORLEANS AUDUBON, LA US",29.9166,-90.1302,2009-06,,1318,585,10,9,0,0,0,0,0,30,23,66,0,0,0.92,104,,0,3.99,0,84.5,93.7,75.3,,,,
USW00012930,"NEW ORLEANS AUDUBON, LA US",29.9166,-90.1302,2009-07,,1948,629,15,7,0,0,0,0,0,31,31,73,0,0,1.16,101,0,0,3.38,0,85.3,94,76.6,,,,
USW00012930,"NEW ORLEANS AUDUBON, LA US",29.9166,-90.1302,2009-08,,2523,575,17,10,0,0,0,0,0,30,28,71,0,0,1.34,97,0,0,5.24,0,84.2,92.6,75.7,,,,
USW00012930,"NEW ORLEANS AUDUBON, LA US",29.9166,-90.1302,2009-09,,3034,512,12,6,0,0,0,0,0,30,19,65,0,0,1.61,93,0,0,5.24,0,82.1,89.2,74.9,,,,
USW00012930,"NEW ORLEANS AUDUBON, LA US",29.9166,-90.1302,2009-10,,3302,267,14,12,0,0,0,0,0,24,7,48,0,0,2.03,94,32,32,9.04,0,73.1,80.7,65.5,,,,
USW00012930,"NEW ORLEANS AUDUBON, LA US",29.9166,-90.1302,2009-11,,3319,17,4,2,0,0,0,0,0,16,0,42,0,0,0.18,78,137,105,0.41,0,61.8,69.5,54,,,,
USW00012930,"NEW ORLEANS AUDUBON, LA US",29.9166,-90.1302,2009-12,,3326,6,14,12,0,0,0,0,0,5,0,34,0,0,7.22,75,493,356,23.25,0,53.4,60.3,46.4,,,,
USW00012930,"NEW ORLEANS AUDUBON, LA US",29.9166,-90.1302,2010-01,,1,1,8,6,0,0,0,9,0,6,0,24,0,0,1.85,77,972,478,3.99,0,49.1,57.8,40.3,,,,
USW00012930,"NEW ORLEANS AUDUBON, LA US",29.9166,-90.1302,2010-02,,1,0,11,5,0,0,0,0,0,1,0,33,0,0,2.43,73,1408,437,5.1,0,48.8,56.4,41.3,,,,
USW00012930,"NEW ORLEANS AUDUBON, LA US",29.9166,-90.1302,2010-03,,13,12,11,6,0,0,0,0,0,15,0,41,0,0,0.94,79,1581,173,2.84,0,59.2,68.2,50.3,,,,
USW00012930,"NEW ORLEANS AUDUBON, LA US",29.9166,-90.1302,2010-04,,177,164,5,3,0,0,0,0,0,27,0,53,0,0,2.33,87,1581,0,3.23,0,71.1,80,62.2,,,,
USW00012930,"NEW ORLEANS AUDUBON, LA US",29.9166,-90.1302,2010-05,,607,429,10,7,0,0,0,0,0,28,14,68,0,0,2.76,95,1581,0,7.92,0,80.9,89,72.7,,,,
USW00012930,"NEW ORLEANS AUDUBON, LA US",29.9166,-90.1302,2010-06,,1149,542,16,12,0,0,0,0,0,28,22,74,0,0,1.3,97,1581,0,4.85,0,85.2,92.9,77.4,,,,
USW00012930,"NEW ORLEANS AUDUBON, LA US",29.9166,-90.1302,2010-07,,1772,623,13,9,0,0,0,0,0,30,24,72,0,0,1.58,98,0,0,6.79,0,85.8,93.4,78.1,,,,
USW00012930,"NEW ORLEANS AUDUBON, LA US",29.9166,-90.1302,2010-08,,2366,593,16,14,,0,0,0,0,29,23,74,,0,2.81,102,0,0,11.11,0,86.2,93.8,78.6,,,,
USW00012930,"NEW ORLEANS AUDUBON, LA US",29.9166,-90.1302,2010-09,,,,,,0,0,,,,,,,0,0,,,,,,0,,,,,,,
USW00012930,"NEW ORLEANS AUDUBON, LA US",29.9166,-90.1302,2010-10,,,,5,2,0,0,,,0,27,1,,0,0,0.13,90,,,0.33,0,,83.6,,,,,
USW00012930,"NEW ORLEANS AUDUBON, LA US",29.9166,-90.1302,2010-11,,,,7,5,0,0,,,,,,,0,0,0.85,,,,2.46,0,,,,,,,
USW00012930,"NEW ORLEANS AUDUBON, LA US",29.9166,-90.1302,2010-12,,,11,4,3,0,0,0,3,0,7,0,30,0,0,0.97,78,,357,1.55,0,51.9,61.1,42.8,,,,
USW00012930,"NEW ORLEANS AUDUBON, LA US",29.9166,-90.1302,2011-01,,0,0,7,6,,,0,3,0,4,0,27,,,0.81,71,,414,2.77,,50.4,59.2,41.7,,,,
USW00012930,"NEW ORLEANS AUDUBON, LA US",29.9166,-90.1302,2011-02,,67,67,6,6,,,0,4,0,14,0,30,,,0.38,83,,229,1.59,,57.8,66.6,49,,,,
USW00012930,"NEW ORLEANS AUDUBON, LA US",29.9166,-90.1302,2011-03,,178,111,5,4,,,0,0,0,26,0,44,,,1.54,86,,49,3.51,,67.1,76.3,57.8,,,,
USW00012930,"NEW ORLEANS AUDUBON, LA US",29.9166,-90.1302,2011-04,,456,278,1,1,,,0,0,0,29,1,50,,,0.1,90,,8,0.1,,74,83,65,,,,
USW00012930,"NEW ORLEANS AUDUBON, LA US",29.9166,-90.1302,2011-05,,825,369,3,2,,,0,0,0,30,11,55,,,0.42,94,,0,0.71,,77.3,86.5,68.1,,,,
USW00012930,"NEW ORLEANS AUDUBON, LA US",29.9166,-90.1302,2011-06,,1446,621,12,8,,,0,0,0,30,27,73,,,2,101,,0,4,,85.7,94.9,76.4,,,,
USW00012930,"NEW ORLEANS AUDUBON, LA US",29.9166,-90.1302,2011-07,,,,13,12,,,,,,,,,,,2.12,,,,8.16,,,,,,,,
USW00012930,"NEW ORLEANS AUDUBON, LA US",29.9166,-90.1302,2011-08,,,712,5,3,,,0,0,0,30,30,77,,,0.86,100,,0,1.35,,88.7,97.4,80.1,,,,
USW00012930,"NEW ORLEANS AUDUBON, LA US",29.9166,-90.1302,2011-09,,,400,10,8,,,0,0,0,27,11,62,,,8.05,95,,0,13.83,,79.8,88.4,71.2,,,,
USW00012930,"NEW ORLEANS AUDUBON, LA US",29.9166,-90.1302,2011-10,,,197,1,0,,,0,0,0,27,0,48,,,0.05,88,,32,0.05,,70.3,80.2,60.4,,,,
USW00012930,"NEW ORLEANS AUDUBON, LA US",29.9166,-90.1302,2011-11,,,103,8,4,,,0,0,0,20,0,39,,,1.05,84,,114,1.73,,64.6,73.1,56.2,,,,
USW00012930,"NEW ORLEANS AUDUBON, LA US",29.9166,-90.1302,2012-02,,,40,9,6,,,0,0,0,15,0,33,,,1.89,82,,156,4.38,,61,67.9,54,,,,
USW00012930,"NEW ORLEANS AUDUBON, LA US",29.9166,-90.1302,2012-03,,,175,,,,,0,0,0,27,0,45,,,,87,,22,,,70.4,78.8,61.9,,,,
USW00012930,"NEW ORLEANS AUDUBON, LA US",29.9166,-90.1302,2012-04,,,244,7,7,,,0,0,0,30,0,55,,,2.69,88,,0,9.56,,73.1,82.1,64.1,,,,
USW00012930,"NEW ORLEANS AUDUBON, LA US",29.9166,-90.1302,2012-05,,,450,7,6,,,0,0,0,30,17,63,,,0.5,97,,0,1.86,,80,89.5,70.5,,,,
USW00012930,"NEW ORLEANS AUDUBON, LA US",29.9166,-90.1302,2012-06,,,529,13,8,,,0,0,0,29,18,67,,,1.5,102,,0,4.17,,83.2,91.6,74.8,,,,
USW00012930,"NEW ORLEANS AUDUBON, LA US",29.9166,-90.1302,2012-07,,,599,18,15,,,0,0,0,31,27,72,,,3.39,100,0,0,10.77,,84.3,93.1,75.6,,,,
USW00012930,"NEW ORLEANS AUDUBON, LA US",29.9166,-90.1302,2012-08,,,521,18,15,,,0,0,0,30,22,72,,,9.26,97,0,0,19.07,,83.4,91.5,75.3,,,,
USW00012930,"NEW ORLEANS AUDUBON, LA US",29.9166,-90.1302,2012-09,,,488,6,5,,,0,0,0,30,17,66,,,1.49,94,0,0,4.88,,81.2,89.2,73.3,,,,
USW00012930,"NEW ORLEANS AUDUBON, LA US",29.9166,-90.1302,2012-10,,,,1,0,,,0,0,,,,50,,,0.02,,,,0.02,,,,60.8,,,,
USW00012930,"NEW ORLEANS AUDUBON, LA US",29.9166,-90.1302,2012-11,,,35,5,5,,,0,0,0,15,0,41,,,0.94,84,,150,3.02,,60.8,70.2,51.4,,,,
USW00012930,"NEW ORLEANS AUDUBON, LA US",29.9166,-90.1302,2012-12,,,28,8,6,,,0,0,0,17,0,37,,,0.46,78,,150,2,,60.5,69.4,51.5,,,,
USW00012930,"NEW ORLEANS AUDUBON, LA US",29.9166,-90.1302,2013-01,,21,21,13,11,,,0,0,0,12,0,37,,,1.57,78,,276,6.48,,56.8,64.6,49,,,,
USW00012930,"NEW ORLEANS AUDUBON, LA US",29.9166,-90.1302,2013-02,,27,6,12,10,,,0,0,0,7,0,40,,,1.44,76,,196,7.84,,58.2,65.6,50.8,,,,
USW00012930,"NEW ORLEANS AUDUBON, LA US",29.9166,-90.1302,2013-03,,58,31,0,0,,,0,0,0,14,0,36,,,0,82,,201,0,,59.3,68.8,49.8,,,,
USW00012930,"NEW ORLEANS AUDUBON, LA US",29.9166,-90.1302,2013-04,,168,110,11,10,,,0,0,0,27,0,49,,,3.66,85,,32,12.19,,67.6,76,59.2,,,,
USW00012930,"NEW ORLEANS AUDUBON, LA US",29.9166,-90.1302,2013-05,,395,227,6,4,,,0,0,0,25,1,46,,,2.44,94,,15,4.32,,72.8,81.8,63.9,,,,
USW00012930,"NEW ORLEANS AUDUBON, LA US",29.9166,-90.1302,2013-06,,942,547,10,7,,,0,0,0,30,26,68,,,1.01,96,,0,3.7,,83.2,91.8,74.6,,,,
USW00012930,"NEW ORLEANS AUDUBON, LA US",29.9166,-90.1302,2013-07,,1440,498,15,9,,,0,0,0,29,16,72,,,1.58,96,0,0,5.67,,82.2,89.6,74.7,,,,
USW00012930,"NEW ORLEANS AUDUBON, LA US",29.9166,-90.1302,2013-08,,1985,544,16,7,,,0,0,0,30,22,70,,,0.76,97,0,0,3.13,,83.2,90.9,75.3,,,,
USW00012930,"NEW ORLEANS AUDUBON, LA US",29.9166,-90.1302,2013-09,,2436,451,11,7,,,0,0,0,28,18,64,,,3.03,96,0,0,5.85,,81.7,90,73.5,,,,
USW00012930,"NEW ORLEANS AUDUBON, LA US",29.9166,-90.1302,2013-10,,2700,264,10,5,,,0,0,0,30,2,52,,,1.2,90,1,1,2.26,,73.8,81.9,65.7,,,,
USW00012930,"NEW ORLEANS AUDUBON, LA US",29.9166,-90.1302,2013-11,,2766,66,10,5,,,0,1,0,17,0,32,,,1.27,85,181,179,3.27,,61.2,69.8,52.6,,,,
USW00012930,"NEW ORLEANS AUDUBON, LA US",29.9166,-90.1302,2014-01,,0,0,10,4,,,0,7,0,2,0,26,,,1.11,74,,509,2.24,,48.6,58.2,38.9,,,,
USW00012930,"NEW ORLEANS AUDUBON, LA US",29.9166,-90.1302,2014-02,,29,29,13,8,,,0,0,0,15,0,34,,,1.84,81,,227,6.19,,57.6,66.6,48.6,,,,
USW00012930,"NEW ORLEANS AUDUBON, LA US",29.9166,-90.1302,2014-03,,59,30,12,6,,,0,0,0,21,0,37,,,1.81,82,,151,5.16,,60.8,70.3,51.2,,,,
USW00012930,"NEW ORLEANS AUDUBON, LA US",29.9166,-90.1302,2014-04,,254,195,9,4,,,0,0,0,27,0,46,,,1.88,88,,30,2.39,,70.5,79.5,61.6,,,,
USW00012930,"NEW ORLEANS AUDUBON, LA US",29.9166,-90.1302,2014-05,,609,354,9,6,,,0,0,0,31,6,56,,,3.21,93,,0,6.95,,76.4,85.5,67.3,,,,
USW00012930,"NEW ORLEANS AUDUBON, LA US",29.9166,-90.1302,2014-06,,1157,548,14,13,,,0,0,0,30,23,69,,,1.8,96,,0,7.15,,83.3,91.5,75.1,,,,
USW00012930,"NEW ORLEANS AUDUBON, LA US",29.9166,-90.1302,2014-07,,1771,614,12,8,,,0,0,0,31,28,72,,,1.33,99,0,0,6.13,,84.8,93.3,76.4,,,,
USW00012930,"NEW ORLEANS AUDUBON, LA US",29.9166,-90.1302,2014-08,,2328,557,12,9,,,0,0,0,27,24,73,,,2.15,99,0,0,5.64,,85.7,94.1,77.3,,,,
USW00012930,"NEW ORLEANS AUDUBON, LA US",29.9166,-90.1302,2014-09,,2848,520,14,8,,,0,0,0,30,20,67,,,0.62,96,0,0,2.74,,82.3,90.2,74.5,,,,
USW00012930,"NEW ORLEANS AUDUBON, LA US",29.9166,-90.1302,2014-10,,3125,277,6,6,,,0,0,0,30,6,55,,,0.87,94,0,0,1.92,,74.2,83.7,64.8,,,,
USW00012930,"NEW ORLEANS AUDUBON, LA US",29.9166,-90.1302,2014-11,,,,3,3,,,,,0,16,0,,,,0.63,82,,,1.18,,,69.4,,,,,
USW00012930,"NEW ORLEANS AUDUBON, LA US",29.9166,-90.1302,2014-12,,,36,8,6,,,0,0,0,11,0,41,,,1.33,81,,200,3.22,,59.7,67.7,51.8,,,,
USW00012930,"NEW ORLEANS AUDUBON, LA US",29.9166,-90.1302,2015-01,,9,9,8,7,,,0,2,0,8,0,26,,,1.7,78,,399,4.59,,52.4,61.4,43.4,,,,
USW00012930,"NEW ORLEANS AUDUBON, LA US",29.9166,-90.1302,2015-02,,20,11,9,5,,,0,0,0,8,0,35,,,1.16,83,,337,1.9,,53.3,62.5,44.2,,,,
USW00012930,"NEW ORLEANS AUDUBON, LA US",29.9166,-90.1302,2015-03,,,,8,4,,,,,,,,,,,0.92,,,,1.81,,,,,,,,
USW00012930,"NEW ORLEANS AUDUBON, LA US",29.9166,-90.1302,2015-04,,,266,15,12,,,0,0,0,28,1,50,,,1.97,90,,2,9.77,,74.7,82.8,66.5,,,,
USW00012930,"NEW ORLEANS AUDUBON, LA US",29.9166,-90.1302,2015-05,,,431,10,8,,,0,0,0,31,6,59,,,1.97,93,,0,6.91,,78.9,87.1,70.7,,,,
USW00012930,"NEW ORLEANS AUDUBON, LA US",29.9166,-90.1302,2015-06,,,484,11,9,,,0,0,0,27,23,70,,,1.06,97,,0,3.8,,83.6,92.1,75.1,,,,
USW00012930,"NEW ORLEANS AUDUBON, LA US",29.9166,-90.1302,2015-07,,,650,13,11,,,0,0,0,31,28,72,,,1.51,100,0,0,6.22,,86.6,95.2,78.1,,,,
USW00012930,"NEW ORLEANS AUDUBON, LA US",29.9166,-90.1302,2015-08,,,618,10,5,,,0,0,0,29,27,70,,,1.38,100,0,0,2.65,,86.4,95.1,77.7,,,,
USW00012930,"NEW ORLEANS AUDUBON, LA US",29.9166,-90.1302,2015-10,,,295,4,3,,,0,0,0,29,6,60,,,5.06,93,,0,6.04,,74.5,82.7,66.3,,,,
USW00012930,"NEW ORLEANS AUDUBON, LA US",29.9166,-90.1302,2015-11,,,134,6,5,,,0,0,0,24,0,41,,,2.04,88,,53,6.19,,67.7,75,60.4,,,,
USW00012930,"NEW ORLEANS AUDUBON, LA US",29.9166,-90.1302,2015-12,,,92,12,9,,,0,0,0,22,0,42,,,2.25,82,,107,7.4,,64.6,72.6,56.7,,,,
USW00012930,"NEW ORLEANS AUDUBON, LA US",29.9166,-90.1302,2016-02,,,,3,3,,,,,,,,,,,0.37,,,,0.87,,,,,,,,
USW00012930,"NEW ORLEANS AUDUBON, LA US",29.9166,-90.1302,2016-03,,,138,9,6,,,0,0,0,29,0,44,,,1.86,88,,29,5.87,,68.6,76.7,60.4,,,,
USW00012930,"NEW ORLEANS AUDUBON, LA US",29.9166,-90.1302,2016-04,,,194,10,10,,,0,0,0,29,0,50,,,2.95,87,,1,11.21,,71.9,80.4,63.4,,,,
USW00012930,"NEW ORLEANS AUDUBON, LA US",29.9166,-90.1302,2016-05,,,392,8,6,,,0,0,0,31,10,55,,,2.03,93,,0,5.19,,77.6,86.2,69.1,,,,
USW00012930,"NEW ORLEANS AUDUBON, LA US",29.9166,-90.1302,2016-06,,,554,17,14,,,0,0,0,29,25,72,,,1.5,102,,0,9.53,,84.1,92.5,75.7,,,,
USW00012930,"NEW ORLEANS AUDUBON, LA US",29.9166,-90.1302,2016-07,,,679,16,11,,,0,0,0,31,30,74,,,1.79,99,0,0,5.92,,86.9,95.4,78.4,,,,
USW00012930,"NEW ORLEANS AUDUBON, LA US",29.9166,-90.1302,2016-08,,,572,19,12,,,0,0,0,28,24,70,,,2.6,100,0,0,9.83,,85.4,92.9,78,,,,
USW00012930,"NEW ORLEANS AUDUBON, LA US",29.9166,-90.1302,2016-09,,,585,12,9,,,0,0,0,30,28,66,,,1.56,98,0,0,6.08,,84.5,92.9,76.1,,,,
USW00012930,"NEW ORLEANS AUDUBON, LA US",29.9166,-90.1302,2016-10,,,380,0,0,,,0,0,0,31,8,55,,,0,93,0,0,0,,77.3,86.9,67.7,,,,
USW00012930,"NEW ORLEANS AUDUBON, LA US",29.9166,-90.1302,2016-11,,,,3,3,,,,,,,,,,,4.21,,,,4.86,,,,,,,,
USW00012930,"NEW ORLEANS AUDUBON, LA US",29.9166,-90.1302,2017-01,,,,8,8,,,,,,,,,,,3.27,,,,5.07,,,,,,,,
